measuring_point,metric,time,value
ActiveResourceMeasuringPoint[_pz1007_s1_m1_25_prs1|replicaID=0],Resource Demand Tuple,0.00322891,0.010727834225355804
ActiveResourceMeasuringPoint[_pz1007_s1_m1_25_prs1|replicaID=0],Resource Demand Tuple,0.013956744,0.006
ActiveResourceMeasuringPoint[_pz1007_s1_m1_25_prs1|replicaID=0],Resource Demand Tuple,0.067159834,0.0031282248127959037
ActiveResourceMeasuringPoint[_pz1007_s1_m1_25_prs1|replicaID=0],Resource Demand Tuple,0.067535885,0.005403661326479549
ActiveResourceMeasuringPoint[_pz1007_s1_m1_25_prs1|replicaID=0],Resource Demand Tuple,0.070288058,0.002
ActiveResourceMeasuringPoint[_pz1007_s1_m1_25_prs1|replicaID=0],Resource Demand Tuple,0.075691719,0.004
ActiveResourceMeasuringPoint[_pz1007_s1_m1_25_prs1|replicaID=0],Resource Demand Tuple,0.078577477,0.005363789856111748
ActiveResourceMeasuringPoint[_pz1007_s1_m1_25_prs1|replicaID=0],Resource Demand Tuple,0.079691719,0.005
ActiveResourceMeasuringPoint[_pz1007_s1_m1_25_prs1|replicaID=0],Resource Demand Tuple,0.085691719,0.025
ActiveResourceMeasuringPoint[_pz1007_s1_m1_25_prs1|replicaID=0],Resource Demand Tuple,0.087055508,0.006
ActiveResourceMeasuringPoint[_pz1007_s1_m1_25_prs1|replicaID=0],Resource Demand Tuple,0.133510479,0.011637810616847393
ActiveResourceMeasuringPoint[_pz1007_s1_m1_25_prs1|replicaID=0],Resource Demand Tuple,0.145148289,0.004
ActiveResourceMeasuringPoint[_pz1007_s1_m1_25_prs1|replicaID=0],Resource Demand Tuple,0.179574209,0.023792116984824606
ActiveResourceMeasuringPoint[_pz1007_s1_m1_25_prs1|replicaID=0],Resource Demand Tuple,0.203366325,0.004
ActiveResourceMeasuringPoint[_pz1007_s1_m1_25_prs1|replicaID=0],Resource Demand Tuple,0.219522312,0.0119921815196798
ActiveResourceMeasuringPoint[_pz1007_s1_m1_25_prs1|replicaID=0],Resource Demand Tuple,0.231514493,0.006
ActiveResourceMeasuringPoint[_pz1007_s1_m1_25_prs1|replicaID=0],Resource Demand Tuple,0.236821487,0.00644468454065801
ActiveResourceMeasuringPoint[_pz1007_s1_m1_25_prs1|replicaID=0],Resource Demand Tuple,0.243514492,0.005
ActiveResourceMeasuringPoint[_pz1007_s1_m1_25_prs1|replicaID=0],Resource Demand Tuple,0.243959176,0.006
ActiveResourceMeasuringPoint[_pz1007_s1_m1_25_prs1|replicaID=0],Resource Demand Tuple,0.274159498,0.003941378833944126
ActiveResourceMeasuringPoint[_pz1007_s1_m1_25_prs1|replicaID=0],Resource Demand Tuple,0.278100876,0.004
ActiveResourceMeasuringPoint[_pz1007_s1_m1_25_prs1|replicaID=0],Resource Demand Tuple,0.311313453,0.007232560168717105
ActiveResourceMeasuringPoint[_pz1007_s1_m1_25_prs1|replicaID=0],Resource Demand Tuple,0.318546013,0.004
ActiveResourceMeasuringPoint[_pz1007_s1_m1_25_prs1|replicaID=0],Resource Demand Tuple,0.341712918,0.011784422357380513
ActiveResourceMeasuringPoint[_pz1007_s1_m1_25_prs1|replicaID=0],Resource Demand Tuple,0.35349734,0.004
ActiveResourceMeasuringPoint[_pz1007_s1_m1_25_prs1|replicaID=0],Resource Demand Tuple,0.383270454,0.004767645521512493
ActiveResourceMeasuringPoint[_pz1007_s1_m1_25_prs1|replicaID=0],Resource Demand Tuple,0.388038099,0.004
ActiveResourceMeasuringPoint[_pz1007_s1_m1_25_prs1|replicaID=0],Resource Demand Tuple,0.4163906,0.009684601978058541
ActiveResourceMeasuringPoint[_pz1007_s1_m1_25_prs1|replicaID=0],Resource Demand Tuple,0.426075201,0.006
ActiveResourceMeasuringPoint[_pz1007_s1_m1_25_prs1|replicaID=0],Resource Demand Tuple,0.435649587,0.010193784331917036
ActiveResourceMeasuringPoint[_pz1007_s1_m1_25_prs1|replicaID=0],Resource Demand Tuple,0.445843371,0.004
ActiveResourceMeasuringPoint[_pz1007_s1_m1_25_prs1|replicaID=0],Resource Demand Tuple,0.476627521,0.01688819263501655
ActiveResourceMeasuringPoint[_pz1007_s1_m1_25_prs1|replicaID=0],Resource Demand Tuple,0.493515713,0.006
ActiveResourceMeasuringPoint[_pz1007_s1_m1_25_prs1|replicaID=0],Resource Demand Tuple,0.530622401,0.010260660313076354
ActiveResourceMeasuringPoint[_pz1007_s1_m1_25_prs1|replicaID=0],Resource Demand Tuple,0.540883061,0.002
ActiveResourceMeasuringPoint[_pz1007_s1_m1_25_prs1|replicaID=0],Resource Demand Tuple,0.630216929,0.005724183133031268
ActiveResourceMeasuringPoint[_pz1007_s1_m1_25_prs1|replicaID=0],Resource Demand Tuple,0.635941112,0.004
ActiveResourceMeasuringPoint[_pz1007_s1_m1_25_prs1|replicaID=0],Resource Demand Tuple,0.655377827,0.004136590008954415
ActiveResourceMeasuringPoint[_pz1007_s1_m1_25_prs1|replicaID=0],Resource Demand Tuple,0.659514417,0.006
ActiveResourceMeasuringPoint[_pz1007_s1_m1_25_prs1|replicaID=0],Resource Demand Tuple,0.694789983,0.008503955736771106
ActiveResourceMeasuringPoint[_pz1007_s1_m1_25_prs1|replicaID=0],Resource Demand Tuple,0.703293938,0.002
ActiveResourceMeasuringPoint[_pz1007_s1_m1_25_prs1|replicaID=0],Resource Demand Tuple,0.728880203,0.015015799397167767
ActiveResourceMeasuringPoint[_pz1007_s1_m1_25_prs1|replicaID=0],Resource Demand Tuple,0.743896002,0.002
ActiveResourceMeasuringPoint[_pz1007_s1_m1_25_prs1|replicaID=0],Resource Demand Tuple,0.773486024,0.0024453012412397027
ActiveResourceMeasuringPoint[_pz1007_s1_m1_25_prs1|replicaID=0],Resource Demand Tuple,0.775931325,0.006
ActiveResourceMeasuringPoint[_pz1007_s1_m1_25_prs1|replicaID=0],Resource Demand Tuple,0.814384698,0.006499694601876541
ActiveResourceMeasuringPoint[_pz1007_s1_m1_25_prs1|replicaID=0],Resource Demand Tuple,0.820884392,0.006
ActiveResourceMeasuringPoint[_pz1007_s1_m1_25_prs1|replicaID=0],Resource Demand Tuple,0.885675557,0.011792620820861967
ActiveResourceMeasuringPoint[_pz1007_s1_m1_25_prs1|replicaID=0],Resource Demand Tuple,0.897468177,0.006
ActiveResourceMeasuringPoint[_pz1007_s1_m1_25_prs1|replicaID=0],Resource Demand Tuple,0.906852856,0.005770716433240493
ActiveResourceMeasuringPoint[_pz1007_s1_m1_25_prs1|replicaID=0],Resource Demand Tuple,0.909468177,0.015
ActiveResourceMeasuringPoint[_pz1007_s1_m1_25_prs1|replicaID=0],Resource Demand Tuple,0.912623572,0.002
ActiveResourceMeasuringPoint[_pz1007_s1_m1_25_prs1|replicaID=0],Resource Demand Tuple,0.914147848,0.011456484922996585
ActiveResourceMeasuringPoint[_pz1007_s1_m1_25_prs1|replicaID=0],Resource Demand Tuple,0.941080055,0.004
ActiveResourceMeasuringPoint[_pz1007_s1_m1_25_prs1|replicaID=0],Resource Demand Tuple,0.949080055,0.015
ActiveResourceMeasuringPoint[_pz1007_s1_m1_25_prs1|replicaID=0],Resource Demand Tuple,0.972286688,0.02298976773490226
ActiveResourceMeasuringPoint[_pz1007_s1_m1_25_prs1|replicaID=0],Resource Demand Tuple,0.979796845,0.01277767084690921
ActiveResourceMeasuringPoint[_pz1007_s1_m1_25_prs1|replicaID=0],Resource Demand Tuple,0.995276455,0.002
ActiveResourceMeasuringPoint[_pz1007_s1_m1_25_prs1|replicaID=0],Resource Demand Tuple,1.008054125,0.004
ActiveResourceMeasuringPoint[_pz1007_s1_m1_25_prs1|replicaID=0],Resource Demand Tuple,1.008054125,0.01590732645523928
ActiveResourceMeasuringPoint[_pz1007_s1_m1_25_prs1|replicaID=0],Resource Demand Tuple,1.008054125,0.006
ActiveResourceMeasuringPoint[_pz1007_s1_m1_25_prs1|replicaID=0],State of Active Resource Tuple,0.0,0.0
ActiveResourceMeasuringPoint[_pz1007_s1_m1_25_prs1|replicaID=0],State of Active Resource Tuple,0.00322891,1.0
ActiveResourceMeasuringPoint[_pz1007_s1_m1_25_prs1|replicaID=0],State of Active Resource Tuple,0.013956744,0.0
ActiveResourceMeasuringPoint[_pz1007_s1_m1_25_prs1|replicaID=0],State of Active Resource Tuple,0.013956744,1.0
ActiveResourceMeasuringPoint[_pz1007_s1_m1_25_prs1|replicaID=0],State of Active Resource Tuple,0.019956744,0.0
ActiveResourceMeasuringPoint[_pz1007_s1_m1_25_prs1|replicaID=0],State of Active Resource Tuple,0.067159834,1.0
ActiveResourceMeasuringPoint[_pz1007_s1_m1_25_prs1|replicaID=0],State of Active Resource Tuple,0.067535885,2.0
ActiveResourceMeasuringPoint[_pz1007_s1_m1_25_prs1|replicaID=0],State of Active Resource Tuple,0.070288058,1.0
ActiveResourceMeasuringPoint[_pz1007_s1_m1_25_prs1|replicaID=0],State of Active Resource Tuple,0.070288058,2.0
ActiveResourceMeasuringPoint[_pz1007_s1_m1_25_prs1|replicaID=0],State of Active Resource Tuple,0.075691719,1.0
ActiveResourceMeasuringPoint[_pz1007_s1_m1_25_prs1|replicaID=0],State of Active Resource Tuple,0.075691719,2.0
ActiveResourceMeasuringPoint[_pz1007_s1_m1_25_prs1|replicaID=0],State of Active Resource Tuple,0.077691719,1.0
ActiveResourceMeasuringPoint[_pz1007_s1_m1_25_prs1|replicaID=0],State of Active Resource Tuple,0.078577477,2.0
ActiveResourceMeasuringPoint[_pz1007_s1_m1_25_prs1|replicaID=0],State of Active Resource Tuple,0.079691719,3.0
ActiveResourceMeasuringPoint[_pz1007_s1_m1_25_prs1|replicaID=0],State of Active Resource Tuple,0.081691719,2.0
ActiveResourceMeasuringPoint[_pz1007_s1_m1_25_prs1|replicaID=0],State of Active Resource Tuple,0.085691719,3.0
ActiveResourceMeasuringPoint[_pz1007_s1_m1_25_prs1|replicaID=0],State of Active Resource Tuple,0.087055508,2.0
ActiveResourceMeasuringPoint[_pz1007_s1_m1_25_prs1|replicaID=0],State of Active Resource Tuple,0.087055508,3.0
ActiveResourceMeasuringPoint[_pz1007_s1_m1_25_prs1|replicaID=0],State of Active Resource Tuple,0.092055508,2.0
ActiveResourceMeasuringPoint[_pz1007_s1_m1_25_prs1|replicaID=0],State of Active Resource Tuple,0.117055508,1.0
ActiveResourceMeasuringPoint[_pz1007_s1_m1_25_prs1|replicaID=0],State of Active Resource Tuple,0.123055508,0.0
ActiveResourceMeasuringPoint[_pz1007_s1_m1_25_prs1|replicaID=0],State of Active Resource Tuple,0.133510479,1.0
ActiveResourceMeasuringPoint[_pz1007_s1_m1_25_prs1|replicaID=0],State of Active Resource Tuple,0.145148289,0.0
ActiveResourceMeasuringPoint[_pz1007_s1_m1_25_prs1|replicaID=0],State of Active Resource Tuple,0.145148289,1.0
ActiveResourceMeasuringPoint[_pz1007_s1_m1_25_prs1|replicaID=0],State of Active Resource Tuple,0.149148289,0.0
ActiveResourceMeasuringPoint[_pz1007_s1_m1_25_prs1|replicaID=0],State of Active Resource Tuple,0.179574209,1.0
ActiveResourceMeasuringPoint[_pz1007_s1_m1_25_prs1|replicaID=0],State of Active Resource Tuple,0.203366325,0.0
ActiveResourceMeasuringPoint[_pz1007_s1_m1_25_prs1|replicaID=0],State of Active Resource Tuple,0.203366325,1.0
ActiveResourceMeasuringPoint[_pz1007_s1_m1_25_prs1|replicaID=0],State of Active Resource Tuple,0.207366325,0.0
ActiveResourceMeasuringPoint[_pz1007_s1_m1_25_prs1|replicaID=0],State of Active Resource Tuple,0.219522312,1.0
ActiveResourceMeasuringPoint[_pz1007_s1_m1_25_prs1|replicaID=0],State of Active Resource Tuple,0.231514493,0.0
ActiveResourceMeasuringPoint[_pz1007_s1_m1_25_prs1|replicaID=0],State of Active Resource Tuple,0.231514493,1.0
ActiveResourceMeasuringPoint[_pz1007_s1_m1_25_prs1|replicaID=0],State of Active Resource Tuple,0.236821487,2.0
ActiveResourceMeasuringPoint[_pz1007_s1_m1_25_prs1|replicaID=0],State of Active Resource Tuple,0.237514492,1.0
ActiveResourceMeasuringPoint[_pz1007_s1_m1_25_prs1|replicaID=0],State of Active Resource Tuple,0.243514492,2.0
ActiveResourceMeasuringPoint[_pz1007_s1_m1_25_prs1|replicaID=0],State of Active Resource Tuple,0.243959176,1.0
ActiveResourceMeasuringPoint[_pz1007_s1_m1_25_prs1|replicaID=0],State of Active Resource Tuple,0.243959176,2.0
ActiveResourceMeasuringPoint[_pz1007_s1_m1_25_prs1|replicaID=0],State of Active Resource Tuple,0.248959176,1.0
ActiveResourceMeasuringPoint[_pz1007_s1_m1_25_prs1|replicaID=0],State of Active Resource Tuple,0.254959176,0.0
ActiveResourceMeasuringPoint[_pz1007_s1_m1_25_prs1|replicaID=0],State of Active Resource Tuple,0.274159498,1.0
ActiveResourceMeasuringPoint[_pz1007_s1_m1_25_prs1|replicaID=0],State of Active Resource Tuple,0.278100876,0.0
ActiveResourceMeasuringPoint[_pz1007_s1_m1_25_prs1|replicaID=0],State of Active Resource Tuple,0.278100876,1.0
ActiveResourceMeasuringPoint[_pz1007_s1_m1_25_prs1|replicaID=0],State of Active Resource Tuple,0.282100876,0.0
ActiveResourceMeasuringPoint[_pz1007_s1_m1_25_prs1|replicaID=0],State of Active Resource Tuple,0.311313453,1.0
ActiveResourceMeasuringPoint[_pz1007_s1_m1_25_prs1|replicaID=0],State of Active Resource Tuple,0.318546013,0.0
ActiveResourceMeasuringPoint[_pz1007_s1_m1_25_prs1|replicaID=0],State of Active Resource Tuple,0.318546013,1.0
ActiveResourceMeasuringPoint[_pz1007_s1_m1_25_prs1|replicaID=0],State of Active Resource Tuple,0.322546013,0.0
ActiveResourceMeasuringPoint[_pz1007_s1_m1_25_prs1|replicaID=0],State of Active Resource Tuple,0.341712918,1.0
ActiveResourceMeasuringPoint[_pz1007_s1_m1_25_prs1|replicaID=0],State of Active Resource Tuple,0.35349734,0.0
ActiveResourceMeasuringPoint[_pz1007_s1_m1_25_prs1|replicaID=0],State of Active Resource Tuple,0.35349734,1.0
ActiveResourceMeasuringPoint[_pz1007_s1_m1_25_prs1|replicaID=0],State of Active Resource Tuple,0.35749734,0.0
ActiveResourceMeasuringPoint[_pz1007_s1_m1_25_prs1|replicaID=0],State of Active Resource Tuple,0.383270454,1.0
ActiveResourceMeasuringPoint[_pz1007_s1_m1_25_prs1|replicaID=0],State of Active Resource Tuple,0.388038099,0.0
ActiveResourceMeasuringPoint[_pz1007_s1_m1_25_prs1|replicaID=0],State of Active Resource Tuple,0.388038099,1.0
ActiveResourceMeasuringPoint[_pz1007_s1_m1_25_prs1|replicaID=0],State of Active Resource Tuple,0.392038099,0.0
ActiveResourceMeasuringPoint[_pz1007_s1_m1_25_prs1|replicaID=0],State of Active Resource Tuple,0.4163906,1.0
ActiveResourceMeasuringPoint[_pz1007_s1_m1_25_prs1|replicaID=0],State of Active Resource Tuple,0.426075201,0.0
ActiveResourceMeasuringPoint[_pz1007_s1_m1_25_prs1|replicaID=0],State of Active Resource Tuple,0.426075201,1.0
ActiveResourceMeasuringPoint[_pz1007_s1_m1_25_prs1|replicaID=0],State of Active Resource Tuple,0.432075201,0.0
ActiveResourceMeasuringPoint[_pz1007_s1_m1_25_prs1|replicaID=0],State of Active Resource Tuple,0.435649587,1.0
ActiveResourceMeasuringPoint[_pz1007_s1_m1_25_prs1|replicaID=0],State of Active Resource Tuple,0.445843371,0.0
ActiveResourceMeasuringPoint[_pz1007_s1_m1_25_prs1|replicaID=0],State of Active Resource Tuple,0.445843371,1.0
ActiveResourceMeasuringPoint[_pz1007_s1_m1_25_prs1|replicaID=0],State of Active Resource Tuple,0.449843371,0.0
ActiveResourceMeasuringPoint[_pz1007_s1_m1_25_prs1|replicaID=0],State of Active Resource Tuple,0.476627521,1.0
ActiveResourceMeasuringPoint[_pz1007_s1_m1_25_prs1|replicaID=0],State of Active Resource Tuple,0.493515713,0.0
ActiveResourceMeasuringPoint[_pz1007_s1_m1_25_prs1|replicaID=0],State of Active Resource Tuple,0.493515713,1.0
ActiveResourceMeasuringPoint[_pz1007_s1_m1_25_prs1|replicaID=0],State of Active Resource Tuple,0.499515713,0.0
ActiveResourceMeasuringPoint[_pz1007_s1_m1_25_prs1|replicaID=0],State of Active Resource Tuple,0.530622401,1.0
ActiveResourceMeasuringPoint[_pz1007_s1_m1_25_prs1|replicaID=0],State of Active Resource Tuple,0.540883061,0.0
ActiveResourceMeasuringPoint[_pz1007_s1_m1_25_prs1|replicaID=0],State of Active Resource Tuple,0.540883061,1.0
ActiveResourceMeasuringPoint[_pz1007_s1_m1_25_prs1|replicaID=0],State of Active Resource Tuple,0.542883061,0.0
ActiveResourceMeasuringPoint[_pz1007_s1_m1_25_prs1|replicaID=0],State of Active Resource Tuple,0.630216929,1.0
ActiveResourceMeasuringPoint[_pz1007_s1_m1_25_prs1|replicaID=0],State of Active Resource Tuple,0.635941112,0.0
ActiveResourceMeasuringPoint[_pz1007_s1_m1_25_prs1|replicaID=0],State of Active Resource Tuple,0.635941112,1.0
ActiveResourceMeasuringPoint[_pz1007_s1_m1_25_prs1|replicaID=0],State of Active Resource Tuple,0.639941112,0.0
ActiveResourceMeasuringPoint[_pz1007_s1_m1_25_prs1|replicaID=0],State of Active Resource Tuple,0.655377827,1.0
ActiveResourceMeasuringPoint[_pz1007_s1_m1_25_prs1|replicaID=0],State of Active Resource Tuple,0.659514417,0.0
ActiveResourceMeasuringPoint[_pz1007_s1_m1_25_prs1|replicaID=0],State of Active Resource Tuple,0.659514417,1.0
ActiveResourceMeasuringPoint[_pz1007_s1_m1_25_prs1|replicaID=0],State of Active Resource Tuple,0.665514417,0.0
ActiveResourceMeasuringPoint[_pz1007_s1_m1_25_prs1|replicaID=0],State of Active Resource Tuple,0.694789983,1.0
ActiveResourceMeasuringPoint[_pz1007_s1_m1_25_prs1|replicaID=0],State of Active Resource Tuple,0.703293938,0.0
ActiveResourceMeasuringPoint[_pz1007_s1_m1_25_prs1|replicaID=0],State of Active Resource Tuple,0.703293938,1.0
ActiveResourceMeasuringPoint[_pz1007_s1_m1_25_prs1|replicaID=0],State of Active Resource Tuple,0.705293938,0.0
ActiveResourceMeasuringPoint[_pz1007_s1_m1_25_prs1|replicaID=0],State of Active Resource Tuple,0.728880203,1.0
ActiveResourceMeasuringPoint[_pz1007_s1_m1_25_prs1|replicaID=0],State of Active Resource Tuple,0.743896002,0.0
ActiveResourceMeasuringPoint[_pz1007_s1_m1_25_prs1|replicaID=0],State of Active Resource Tuple,0.743896002,1.0
ActiveResourceMeasuringPoint[_pz1007_s1_m1_25_prs1|replicaID=0],State of Active Resource Tuple,0.745896002,0.0
ActiveResourceMeasuringPoint[_pz1007_s1_m1_25_prs1|replicaID=0],State of Active Resource Tuple,0.773486024,1.0
ActiveResourceMeasuringPoint[_pz1007_s1_m1_25_prs1|replicaID=0],State of Active Resource Tuple,0.775931325,0.0
ActiveResourceMeasuringPoint[_pz1007_s1_m1_25_prs1|replicaID=0],State of Active Resource Tuple,0.775931325,1.0
ActiveResourceMeasuringPoint[_pz1007_s1_m1_25_prs1|replicaID=0],State of Active Resource Tuple,0.781931325,0.0
ActiveResourceMeasuringPoint[_pz1007_s1_m1_25_prs1|replicaID=0],State of Active Resource Tuple,0.814384698,1.0
ActiveResourceMeasuringPoint[_pz1007_s1_m1_25_prs1|replicaID=0],State of Active Resource Tuple,0.820884392,0.0
ActiveResourceMeasuringPoint[_pz1007_s1_m1_25_prs1|replicaID=0],State of Active Resource Tuple,0.820884392,1.0
ActiveResourceMeasuringPoint[_pz1007_s1_m1_25_prs1|replicaID=0],State of Active Resource Tuple,0.826884392,0.0
ActiveResourceMeasuringPoint[_pz1007_s1_m1_25_prs1|replicaID=0],State of Active Resource Tuple,0.885675557,1.0
ActiveResourceMeasuringPoint[_pz1007_s1_m1_25_prs1|replicaID=0],State of Active Resource Tuple,0.897468177,0.0
ActiveResourceMeasuringPoint[_pz1007_s1_m1_25_prs1|replicaID=0],State of Active Resource Tuple,0.897468177,1.0
ActiveResourceMeasuringPoint[_pz1007_s1_m1_25_prs1|replicaID=0],State of Active Resource Tuple,0.903468177,0.0
ActiveResourceMeasuringPoint[_pz1007_s1_m1_25_prs1|replicaID=0],State of Active Resource Tuple,0.906852856,1.0
ActiveResourceMeasuringPoint[_pz1007_s1_m1_25_prs1|replicaID=0],State of Active Resource Tuple,0.909468177,2.0
ActiveResourceMeasuringPoint[_pz1007_s1_m1_25_prs1|replicaID=0],State of Active Resource Tuple,0.912623572,1.0
ActiveResourceMeasuringPoint[_pz1007_s1_m1_25_prs1|replicaID=0],State of Active Resource Tuple,0.912623572,2.0
ActiveResourceMeasuringPoint[_pz1007_s1_m1_25_prs1|replicaID=0],State of Active Resource Tuple,0.914147848,3.0
ActiveResourceMeasuringPoint[_pz1007_s1_m1_25_prs1|replicaID=0],State of Active Resource Tuple,0.927623571,2.0
ActiveResourceMeasuringPoint[_pz1007_s1_m1_25_prs1|replicaID=0],State of Active Resource Tuple,0.929623571,1.0
ActiveResourceMeasuringPoint[_pz1007_s1_m1_25_prs1|replicaID=0],State of Active Resource Tuple,0.941080055,0.0
ActiveResourceMeasuringPoint[_pz1007_s1_m1_25_prs1|replicaID=0],State of Active Resource Tuple,0.941080055,1.0
ActiveResourceMeasuringPoint[_pz1007_s1_m1_25_prs1|replicaID=0],State of Active Resource Tuple,0.945080055,0.0
ActiveResourceMeasuringPoint[_pz1007_s1_m1_25_prs1|replicaID=0],State of Active Resource Tuple,0.949080055,1.0
ActiveResourceMeasuringPoint[_pz1007_s1_m1_25_prs1|replicaID=0],State of Active Resource Tuple,0.964080055,0.0
ActiveResourceMeasuringPoint[_pz1007_s1_m1_25_prs1|replicaID=0],State of Active Resource Tuple,0.972286688,1.0
ActiveResourceMeasuringPoint[_pz1007_s1_m1_25_prs1|replicaID=0],State of Active Resource Tuple,0.979796845,2.0
ActiveResourceMeasuringPoint[_pz1007_s1_m1_25_prs1|replicaID=0],State of Active Resource Tuple,0.995276455,1.0
ActiveResourceMeasuringPoint[_pz1007_s1_m1_25_prs1|replicaID=0],State of Active Resource Tuple,0.995276455,2.0
ActiveResourceMeasuringPoint[_pz1007_s1_m1_25_prs1|replicaID=0],State of Active Resource Tuple,1.008054125,1.0
ActiveResourceMeasuringPoint[_pz1007_s1_m1_25_prs1|replicaID=0],State of Active Resource Tuple,1.008054125,1.0
ActiveResourceMeasuringPoint[_pz1007_s1_m1_25_prs2|replicaID=0],Resource Demand Tuple,0.019956744,0.002
ActiveResourceMeasuringPoint[_pz1007_s1_m1_25_prs2|replicaID=0],Resource Demand Tuple,0.021956744,0.002
ActiveResourceMeasuringPoint[_pz1007_s1_m1_25_prs2|replicaID=0],Resource Demand Tuple,0.023956744,0.002
ActiveResourceMeasuringPoint[_pz1007_s1_m1_25_prs2|replicaID=0],Resource Demand Tuple,0.025956744,0.01
ActiveResourceMeasuringPoint[_pz1007_s1_m1_25_prs2|replicaID=0],Resource Demand Tuple,0.077691719,0.002
ActiveResourceMeasuringPoint[_pz1007_s1_m1_25_prs2|replicaID=0],Resource Demand Tuple,0.081691719,0.002
ActiveResourceMeasuringPoint[_pz1007_s1_m1_25_prs2|replicaID=0],Resource Demand Tuple,0.083691719,0.002
ActiveResourceMeasuringPoint[_pz1007_s1_m1_25_prs2|replicaID=0],Resource Demand Tuple,0.123055508,0.002
ActiveResourceMeasuringPoint[_pz1007_s1_m1_25_prs2|replicaID=0],Resource Demand Tuple,0.125055508,0.002
ActiveResourceMeasuringPoint[_pz1007_s1_m1_25_prs2|replicaID=0],Resource Demand Tuple,0.127055508,0.002
ActiveResourceMeasuringPoint[_pz1007_s1_m1_25_prs2|replicaID=0],Resource Demand Tuple,0.129055508,0.01
ActiveResourceMeasuringPoint[_pz1007_s1_m1_25_prs2|replicaID=0],Resource Demand Tuple,0.149148289,0.002
ActiveResourceMeasuringPoint[_pz1007_s1_m1_25_prs2|replicaID=0],Resource Demand Tuple,0.151148289,0.002
ActiveResourceMeasuringPoint[_pz1007_s1_m1_25_prs2|replicaID=0],Resource Demand Tuple,0.153148289,0.01
ActiveResourceMeasuringPoint[_pz1007_s1_m1_25_prs2|replicaID=0],Resource Demand Tuple,0.207366325,0.002
ActiveResourceMeasuringPoint[_pz1007_s1_m1_25_prs2|replicaID=0],Resource Demand Tuple,0.209366325,0.002
ActiveResourceMeasuringPoint[_pz1007_s1_m1_25_prs2|replicaID=0],Resource Demand Tuple,0.211366325,0.01
ActiveResourceMeasuringPoint[_pz1007_s1_m1_25_prs2|replicaID=0],Resource Demand Tuple,0.237514492,0.002
ActiveResourceMeasuringPoint[_pz1007_s1_m1_25_prs2|replicaID=0],Resource Demand Tuple,0.239514492,0.002
ActiveResourceMeasuringPoint[_pz1007_s1_m1_25_prs2|replicaID=0],Resource Demand Tuple,0.241514492,0.002
ActiveResourceMeasuringPoint[_pz1007_s1_m1_25_prs2|replicaID=0],Resource Demand Tuple,0.254959176,0.002
ActiveResourceMeasuringPoint[_pz1007_s1_m1_25_prs2|replicaID=0],Resource Demand Tuple,0.256959176,0.002
ActiveResourceMeasuringPoint[_pz1007_s1_m1_25_prs2|replicaID=0],Resource Demand Tuple,0.258959176,0.002
ActiveResourceMeasuringPoint[_pz1007_s1_m1_25_prs2|replicaID=0],Resource Demand Tuple,0.260959176,0.01
ActiveResourceMeasuringPoint[_pz1007_s1_m1_25_prs2|replicaID=0],Resource Demand Tuple,0.282100876,0.002
ActiveResourceMeasuringPoint[_pz1007_s1_m1_25_prs2|replicaID=0],Resource Demand Tuple,0.284100876,0.002
ActiveResourceMeasuringPoint[_pz1007_s1_m1_25_prs2|replicaID=0],Resource Demand Tuple,0.286100876,0.01
ActiveResourceMeasuringPoint[_pz1007_s1_m1_25_prs2|replicaID=0],Resource Demand Tuple,0.322546013,0.002
ActiveResourceMeasuringPoint[_pz1007_s1_m1_25_prs2|replicaID=0],Resource Demand Tuple,0.324546013,0.002
ActiveResourceMeasuringPoint[_pz1007_s1_m1_25_prs2|replicaID=0],Resource Demand Tuple,0.326546013,0.01
ActiveResourceMeasuringPoint[_pz1007_s1_m1_25_prs2|replicaID=0],Resource Demand Tuple,0.35749734,0.002
ActiveResourceMeasuringPoint[_pz1007_s1_m1_25_prs2|replicaID=0],Resource Demand Tuple,0.35949734,0.002
ActiveResourceMeasuringPoint[_pz1007_s1_m1_25_prs2|replicaID=0],Resource Demand Tuple,0.36149734,0.01
ActiveResourceMeasuringPoint[_pz1007_s1_m1_25_prs2|replicaID=0],Resource Demand Tuple,0.392038099,0.002
ActiveResourceMeasuringPoint[_pz1007_s1_m1_25_prs2|replicaID=0],Resource Demand Tuple,0.394038099,0.002
ActiveResourceMeasuringPoint[_pz1007_s1_m1_25_prs2|replicaID=0],Resource Demand Tuple,0.396038099,0.01
ActiveResourceMeasuringPoint[_pz1007_s1_m1_25_prs2|replicaID=0],Resource Demand Tuple,0.432075201,0.002
ActiveResourceMeasuringPoint[_pz1007_s1_m1_25_prs2|replicaID=0],Resource Demand Tuple,0.434075201,0.002
ActiveResourceMeasuringPoint[_pz1007_s1_m1_25_prs2|replicaID=0],Resource Demand Tuple,0.436075201,0.002
ActiveResourceMeasuringPoint[_pz1007_s1_m1_25_prs2|replicaID=0],Resource Demand Tuple,0.438075201,0.01
ActiveResourceMeasuringPoint[_pz1007_s1_m1_25_prs2|replicaID=0],Resource Demand Tuple,0.449843371,0.002
ActiveResourceMeasuringPoint[_pz1007_s1_m1_25_prs2|replicaID=0],Resource Demand Tuple,0.451843371,0.002
ActiveResourceMeasuringPoint[_pz1007_s1_m1_25_prs2|replicaID=0],Resource Demand Tuple,0.453843371,0.01
ActiveResourceMeasuringPoint[_pz1007_s1_m1_25_prs2|replicaID=0],Resource Demand Tuple,0.499515713,0.002
ActiveResourceMeasuringPoint[_pz1007_s1_m1_25_prs2|replicaID=0],Resource Demand Tuple,0.501515713,0.002
ActiveResourceMeasuringPoint[_pz1007_s1_m1_25_prs2|replicaID=0],Resource Demand Tuple,0.503515713,0.002
ActiveResourceMeasuringPoint[_pz1007_s1_m1_25_prs2|replicaID=0],Resource Demand Tuple,0.505515713,0.01
ActiveResourceMeasuringPoint[_pz1007_s1_m1_25_prs2|replicaID=0],Resource Demand Tuple,0.542883061,0.002
ActiveResourceMeasuringPoint[_pz1007_s1_m1_25_prs2|replicaID=0],Resource Demand Tuple,0.544883061,0.01
ActiveResourceMeasuringPoint[_pz1007_s1_m1_25_prs2|replicaID=0],Resource Demand Tuple,0.639941112,0.002
ActiveResourceMeasuringPoint[_pz1007_s1_m1_25_prs2|replicaID=0],Resource Demand Tuple,0.641941112,0.002
ActiveResourceMeasuringPoint[_pz1007_s1_m1_25_prs2|replicaID=0],Resource Demand Tuple,0.643941112,0.01
ActiveResourceMeasuringPoint[_pz1007_s1_m1_25_prs2|replicaID=0],Resource Demand Tuple,0.665514417,0.002
ActiveResourceMeasuringPoint[_pz1007_s1_m1_25_prs2|replicaID=0],Resource Demand Tuple,0.667514417,0.002
ActiveResourceMeasuringPoint[_pz1007_s1_m1_25_prs2|replicaID=0],Resource Demand Tuple,0.669514417,0.002
ActiveResourceMeasuringPoint[_pz1007_s1_m1_25_prs2|replicaID=0],Resource Demand Tuple,0.671514417,0.01
ActiveResourceMeasuringPoint[_pz1007_s1_m1_25_prs2|replicaID=0],Resource Demand Tuple,0.705293938,0.002
ActiveResourceMeasuringPoint[_pz1007_s1_m1_25_prs2|replicaID=0],Resource Demand Tuple,0.707293938,0.01
ActiveResourceMeasuringPoint[_pz1007_s1_m1_25_prs2|replicaID=0],Resource Demand Tuple,0.745896002,0.002
ActiveResourceMeasuringPoint[_pz1007_s1_m1_25_prs2|replicaID=0],Resource Demand Tuple,0.747896002,0.01
ActiveResourceMeasuringPoint[_pz1007_s1_m1_25_prs2|replicaID=0],Resource Demand Tuple,0.781931325,0.002
ActiveResourceMeasuringPoint[_pz1007_s1_m1_25_prs2|replicaID=0],Resource Demand Tuple,0.783931325,0.002
ActiveResourceMeasuringPoint[_pz1007_s1_m1_25_prs2|replicaID=0],Resource Demand Tuple,0.785931325,0.002
ActiveResourceMeasuringPoint[_pz1007_s1_m1_25_prs2|replicaID=0],Resource Demand Tuple,0.787931325,0.01
ActiveResourceMeasuringPoint[_pz1007_s1_m1_25_prs2|replicaID=0],Resource Demand Tuple,0.826884392,0.002
ActiveResourceMeasuringPoint[_pz1007_s1_m1_25_prs2|replicaID=0],Resource Demand Tuple,0.828884392,0.002
ActiveResourceMeasuringPoint[_pz1007_s1_m1_25_prs2|replicaID=0],Resource Demand Tuple,0.830884392,0.002
ActiveResourceMeasuringPoint[_pz1007_s1_m1_25_prs2|replicaID=0],Resource Demand Tuple,0.832884392,0.01
ActiveResourceMeasuringPoint[_pz1007_s1_m1_25_prs2|replicaID=0],Resource Demand Tuple,0.903468177,0.002
ActiveResourceMeasuringPoint[_pz1007_s1_m1_25_prs2|replicaID=0],Resource Demand Tuple,0.905468177,0.002
ActiveResourceMeasuringPoint[_pz1007_s1_m1_25_prs2|replicaID=0],Resource Demand Tuple,0.907468177,0.002
ActiveResourceMeasuringPoint[_pz1007_s1_m1_25_prs2|replicaID=0],Resource Demand Tuple,0.929623571,0.002
ActiveResourceMeasuringPoint[_pz1007_s1_m1_25_prs2|replicaID=0],Resource Demand Tuple,0.931623571,0.01
ActiveResourceMeasuringPoint[_pz1007_s1_m1_25_prs2|replicaID=0],Resource Demand Tuple,0.945080055,0.002
ActiveResourceMeasuringPoint[_pz1007_s1_m1_25_prs2|replicaID=0],Resource Demand Tuple,0.947080055,0.002
ActiveResourceMeasuringPoint[_pz1007_s1_m1_25_prs2|replicaID=0],Resource Demand Tuple,1.008054125,0.002
ActiveResourceMeasuringPoint[_pz1007_s1_m1_25_prs2|replicaID=0],Resource Demand Tuple,1.008054125,0.01
ActiveResourceMeasuringPoint[_pz1007_s1_m1_25_prs2|replicaID=0],Resource Demand Tuple,1.008054125,0.002
ActiveResourceMeasuringPoint[_pz1007_s1_m1_25_prs2|replicaID=0],Resource Demand Tuple,1.008054125,0.002
ActiveResourceMeasuringPoint[_pz1007_s1_m1_25_prs2|replicaID=0],Resource Demand Tuple,1.008054125,0.01
ActiveResourceMeasuringPoint[_pz1007_s1_m1_25_prs2|replicaID=0],Resource Demand Tuple,1.008054125,0.002
ActiveResourceMeasuringPoint[_pz1007_s1_m1_25_prs2|replicaID=0],Resource Demand Tuple,1.008054125,0.002
ActiveResourceMeasuringPoint[_pz1007_s1_m1_25_prs2|replicaID=0],Resource Demand Tuple,1.008054125,0.002
ActiveResourceMeasuringPoint[_pz1007_s1_m1_25_prs2|replicaID=0],Resource Demand Tuple,1.008054125,0.01
ActiveResourceMeasuringPoint[_pz1007_s1_m1_25_prs2|replicaID=0],State of Active Resource Tuple,0.0,0.0
ActiveResourceMeasuringPoint[_pz1007_s1_m1_25_prs2|replicaID=0],State of Active Resource Tuple,0.019956744,1.0
ActiveResourceMeasuringPoint[_pz1007_s1_m1_25_prs2|replicaID=0],State of Active Resource Tuple,0.021956744,0.0
ActiveResourceMeasuringPoint[_pz1007_s1_m1_25_prs2|replicaID=0],State of Active Resource Tuple,0.021956744,1.0
ActiveResourceMeasuringPoint[_pz1007_s1_m1_25_prs2|replicaID=0],State of Active Resource Tuple,0.023956744,0.0
ActiveResourceMeasuringPoint[_pz1007_s1_m1_25_prs2|replicaID=0],State of Active Resource Tuple,0.023956744,1.0
ActiveResourceMeasuringPoint[_pz1007_s1_m1_25_prs2|replicaID=0],State of Active Resource Tuple,0.025956744,0.0
ActiveResourceMeasuringPoint[_pz1007_s1_m1_25_prs2|replicaID=0],State of Active Resource Tuple,0.025956744,1.0
ActiveResourceMeasuringPoint[_pz1007_s1_m1_25_prs2|replicaID=0],State of Active Resource Tuple,0.035956744,0.0
ActiveResourceMeasuringPoint[_pz1007_s1_m1_25_prs2|replicaID=0],State of Active Resource Tuple,0.077691719,1.0
ActiveResourceMeasuringPoint[_pz1007_s1_m1_25_prs2|replicaID=0],State of Active Resource Tuple,0.079691719,0.0
ActiveResourceMeasuringPoint[_pz1007_s1_m1_25_prs2|replicaID=0],State of Active Resource Tuple,0.081691719,1.0
ActiveResourceMeasuringPoint[_pz1007_s1_m1_25_prs2|replicaID=0],State of Active Resource Tuple,0.083691719,0.0
ActiveResourceMeasuringPoint[_pz1007_s1_m1_25_prs2|replicaID=0],State of Active Resource Tuple,0.083691719,1.0
ActiveResourceMeasuringPoint[_pz1007_s1_m1_25_prs2|replicaID=0],State of Active Resource Tuple,0.085691719,0.0
ActiveResourceMeasuringPoint[_pz1007_s1_m1_25_prs2|replicaID=0],State of Active Resource Tuple,0.123055508,1.0
ActiveResourceMeasuringPoint[_pz1007_s1_m1_25_prs2|replicaID=0],State of Active Resource Tuple,0.125055508,0.0
ActiveResourceMeasuringPoint[_pz1007_s1_m1_25_prs2|replicaID=0],State of Active Resource Tuple,0.125055508,1.0
ActiveResourceMeasuringPoint[_pz1007_s1_m1_25_prs2|replicaID=0],State of Active Resource Tuple,0.127055508,0.0
ActiveResourceMeasuringPoint[_pz1007_s1_m1_25_prs2|replicaID=0],State of Active Resource Tuple,0.127055508,1.0
ActiveResourceMeasuringPoint[_pz1007_s1_m1_25_prs2|replicaID=0],State of Active Resource Tuple,0.129055508,0.0
ActiveResourceMeasuringPoint[_pz1007_s1_m1_25_prs2|replicaID=0],State of Active Resource Tuple,0.129055508,1.0
ActiveResourceMeasuringPoint[_pz1007_s1_m1_25_prs2|replicaID=0],State of Active Resource Tuple,0.139055508,0.0
ActiveResourceMeasuringPoint[_pz1007_s1_m1_25_prs2|replicaID=0],State of Active Resource Tuple,0.149148289,1.0
ActiveResourceMeasuringPoint[_pz1007_s1_m1_25_prs2|replicaID=0],State of Active Resource Tuple,0.151148289,0.0
ActiveResourceMeasuringPoint[_pz1007_s1_m1_25_prs2|replicaID=0],State of Active Resource Tuple,0.151148289,1.0
ActiveResourceMeasuringPoint[_pz1007_s1_m1_25_prs2|replicaID=0],State of Active Resource Tuple,0.153148289,0.0
ActiveResourceMeasuringPoint[_pz1007_s1_m1_25_prs2|replicaID=0],State of Active Resource Tuple,0.153148289,1.0
ActiveResourceMeasuringPoint[_pz1007_s1_m1_25_prs2|replicaID=0],State of Active Resource Tuple,0.163148289,0.0
ActiveResourceMeasuringPoint[_pz1007_s1_m1_25_prs2|replicaID=0],State of Active Resource Tuple,0.207366325,1.0
ActiveResourceMeasuringPoint[_pz1007_s1_m1_25_prs2|replicaID=0],State of Active Resource Tuple,0.209366325,0.0
ActiveResourceMeasuringPoint[_pz1007_s1_m1_25_prs2|replicaID=0],State of Active Resource Tuple,0.209366325,1.0
ActiveResourceMeasuringPoint[_pz1007_s1_m1_25_prs2|replicaID=0],State of Active Resource Tuple,0.211366325,0.0
ActiveResourceMeasuringPoint[_pz1007_s1_m1_25_prs2|replicaID=0],State of Active Resource Tuple,0.211366325,1.0
ActiveResourceMeasuringPoint[_pz1007_s1_m1_25_prs2|replicaID=0],State of Active Resource Tuple,0.221366325,0.0
ActiveResourceMeasuringPoint[_pz1007_s1_m1_25_prs2|replicaID=0],State of Active Resource Tuple,0.237514492,1.0
ActiveResourceMeasuringPoint[_pz1007_s1_m1_25_prs2|replicaID=0],State of Active Resource Tuple,0.239514492,0.0
ActiveResourceMeasuringPoint[_pz1007_s1_m1_25_prs2|replicaID=0],State of Active Resource Tuple,0.239514492,1.0
ActiveResourceMeasuringPoint[_pz1007_s1_m1_25_prs2|replicaID=0],State of Active Resource Tuple,0.241514492,0.0
ActiveResourceMeasuringPoint[_pz1007_s1_m1_25_prs2|replicaID=0],State of Active Resource Tuple,0.241514492,1.0
ActiveResourceMeasuringPoint[_pz1007_s1_m1_25_prs2|replicaID=0],State of Active Resource Tuple,0.243514492,0.0
ActiveResourceMeasuringPoint[_pz1007_s1_m1_25_prs2|replicaID=0],State of Active Resource Tuple,0.254959176,1.0
ActiveResourceMeasuringPoint[_pz1007_s1_m1_25_prs2|replicaID=0],State of Active Resource Tuple,0.256959176,0.0
ActiveResourceMeasuringPoint[_pz1007_s1_m1_25_prs2|replicaID=0],State of Active Resource Tuple,0.256959176,1.0
ActiveResourceMeasuringPoint[_pz1007_s1_m1_25_prs2|replicaID=0],State of Active Resource Tuple,0.258959176,0.0
ActiveResourceMeasuringPoint[_pz1007_s1_m1_25_prs2|replicaID=0],State of Active Resource Tuple,0.258959176,1.0
ActiveResourceMeasuringPoint[_pz1007_s1_m1_25_prs2|replicaID=0],State of Active Resource Tuple,0.260959176,0.0
ActiveResourceMeasuringPoint[_pz1007_s1_m1_25_prs2|replicaID=0],State of Active Resource Tuple,0.260959176,1.0
ActiveResourceMeasuringPoint[_pz1007_s1_m1_25_prs2|replicaID=0],State of Active Resource Tuple,0.270959176,0.0
ActiveResourceMeasuringPoint[_pz1007_s1_m1_25_prs2|replicaID=0],State of Active Resource Tuple,0.282100876,1.0
ActiveResourceMeasuringPoint[_pz1007_s1_m1_25_prs2|replicaID=0],State of Active Resource Tuple,0.284100876,0.0
ActiveResourceMeasuringPoint[_pz1007_s1_m1_25_prs2|replicaID=0],State of Active Resource Tuple,0.284100876,1.0
ActiveResourceMeasuringPoint[_pz1007_s1_m1_25_prs2|replicaID=0],State of Active Resource Tuple,0.286100876,0.0
ActiveResourceMeasuringPoint[_pz1007_s1_m1_25_prs2|replicaID=0],State of Active Resource Tuple,0.286100876,1.0
ActiveResourceMeasuringPoint[_pz1007_s1_m1_25_prs2|replicaID=0],State of Active Resource Tuple,0.296100876,0.0
ActiveResourceMeasuringPoint[_pz1007_s1_m1_25_prs2|replicaID=0],State of Active Resource Tuple,0.322546013,1.0
ActiveResourceMeasuringPoint[_pz1007_s1_m1_25_prs2|replicaID=0],State of Active Resource Tuple,0.324546013,0.0
ActiveResourceMeasuringPoint[_pz1007_s1_m1_25_prs2|replicaID=0],State of Active Resource Tuple,0.324546013,1.0
ActiveResourceMeasuringPoint[_pz1007_s1_m1_25_prs2|replicaID=0],State of Active Resource Tuple,0.326546013,0.0
ActiveResourceMeasuringPoint[_pz1007_s1_m1_25_prs2|replicaID=0],State of Active Resource Tuple,0.326546013,1.0
ActiveResourceMeasuringPoint[_pz1007_s1_m1_25_prs2|replicaID=0],State of Active Resource Tuple,0.336546013,0.0
ActiveResourceMeasuringPoint[_pz1007_s1_m1_25_prs2|replicaID=0],State of Active Resource Tuple,0.35749734,1.0
ActiveResourceMeasuringPoint[_pz1007_s1_m1_25_prs2|replicaID=0],State of Active Resource Tuple,0.35949734,0.0
ActiveResourceMeasuringPoint[_pz1007_s1_m1_25_prs2|replicaID=0],State of Active Resource Tuple,0.35949734,1.0
ActiveResourceMeasuringPoint[_pz1007_s1_m1_25_prs2|replicaID=0],State of Active Resource Tuple,0.36149734,0.0
ActiveResourceMeasuringPoint[_pz1007_s1_m1_25_prs2|replicaID=0],State of Active Resource Tuple,0.36149734,1.0
ActiveResourceMeasuringPoint[_pz1007_s1_m1_25_prs2|replicaID=0],State of Active Resource Tuple,0.37149734,0.0
ActiveResourceMeasuringPoint[_pz1007_s1_m1_25_prs2|replicaID=0],State of Active Resource Tuple,0.392038099,1.0
ActiveResourceMeasuringPoint[_pz1007_s1_m1_25_prs2|replicaID=0],State of Active Resource Tuple,0.394038099,0.0
ActiveResourceMeasuringPoint[_pz1007_s1_m1_25_prs2|replicaID=0],State of Active Resource Tuple,0.394038099,1.0
ActiveResourceMeasuringPoint[_pz1007_s1_m1_25_prs2|replicaID=0],State of Active Resource Tuple,0.396038099,0.0
ActiveResourceMeasuringPoint[_pz1007_s1_m1_25_prs2|replicaID=0],State of Active Resource Tuple,0.396038099,1.0
ActiveResourceMeasuringPoint[_pz1007_s1_m1_25_prs2|replicaID=0],State of Active Resource Tuple,0.406038099,0.0
ActiveResourceMeasuringPoint[_pz1007_s1_m1_25_prs2|replicaID=0],State of Active Resource Tuple,0.432075201,1.0
ActiveResourceMeasuringPoint[_pz1007_s1_m1_25_prs2|replicaID=0],State of Active Resource Tuple,0.434075201,0.0
ActiveResourceMeasuringPoint[_pz1007_s1_m1_25_prs2|replicaID=0],State of Active Resource Tuple,0.434075201,1.0
ActiveResourceMeasuringPoint[_pz1007_s1_m1_25_prs2|replicaID=0],State of Active Resource Tuple,0.436075201,0.0
ActiveResourceMeasuringPoint[_pz1007_s1_m1_25_prs2|replicaID=0],State of Active Resource Tuple,0.436075201,1.0
ActiveResourceMeasuringPoint[_pz1007_s1_m1_25_prs2|replicaID=0],State of Active Resource Tuple,0.438075201,0.0
ActiveResourceMeasuringPoint[_pz1007_s1_m1_25_prs2|replicaID=0],State of Active Resource Tuple,0.438075201,1.0
ActiveResourceMeasuringPoint[_pz1007_s1_m1_25_prs2|replicaID=0],State of Active Resource Tuple,0.448075201,0.0
ActiveResourceMeasuringPoint[_pz1007_s1_m1_25_prs2|replicaID=0],State of Active Resource Tuple,0.449843371,1.0
ActiveResourceMeasuringPoint[_pz1007_s1_m1_25_prs2|replicaID=0],State of Active Resource Tuple,0.451843371,0.0
ActiveResourceMeasuringPoint[_pz1007_s1_m1_25_prs2|replicaID=0],State of Active Resource Tuple,0.451843371,1.0
ActiveResourceMeasuringPoint[_pz1007_s1_m1_25_prs2|replicaID=0],State of Active Resource Tuple,0.453843371,0.0
ActiveResourceMeasuringPoint[_pz1007_s1_m1_25_prs2|replicaID=0],State of Active Resource Tuple,0.453843371,1.0
ActiveResourceMeasuringPoint[_pz1007_s1_m1_25_prs2|replicaID=0],State of Active Resource Tuple,0.463843371,0.0
ActiveResourceMeasuringPoint[_pz1007_s1_m1_25_prs2|replicaID=0],State of Active Resource Tuple,0.499515713,1.0
ActiveResourceMeasuringPoint[_pz1007_s1_m1_25_prs2|replicaID=0],State of Active Resource Tuple,0.501515713,0.0
ActiveResourceMeasuringPoint[_pz1007_s1_m1_25_prs2|replicaID=0],State of Active Resource Tuple,0.501515713,1.0
ActiveResourceMeasuringPoint[_pz1007_s1_m1_25_prs2|replicaID=0],State of Active Resource Tuple,0.503515713,0.0
ActiveResourceMeasuringPoint[_pz1007_s1_m1_25_prs2|replicaID=0],State of Active Resource Tuple,0.503515713,1.0
ActiveResourceMeasuringPoint[_pz1007_s1_m1_25_prs2|replicaID=0],State of Active Resource Tuple,0.505515713,0.0
ActiveResourceMeasuringPoint[_pz1007_s1_m1_25_prs2|replicaID=0],State of Active Resource Tuple,0.505515713,1.0
ActiveResourceMeasuringPoint[_pz1007_s1_m1_25_prs2|replicaID=0],State of Active Resource Tuple,0.515515713,0.0
ActiveResourceMeasuringPoint[_pz1007_s1_m1_25_prs2|replicaID=0],State of Active Resource Tuple,0.542883061,1.0
ActiveResourceMeasuringPoint[_pz1007_s1_m1_25_prs2|replicaID=0],State of Active Resource Tuple,0.544883061,0.0
ActiveResourceMeasuringPoint[_pz1007_s1_m1_25_prs2|replicaID=0],State of Active Resource Tuple,0.544883061,1.0
ActiveResourceMeasuringPoint[_pz1007_s1_m1_25_prs2|replicaID=0],State of Active Resource Tuple,0.554883061,0.0
ActiveResourceMeasuringPoint[_pz1007_s1_m1_25_prs2|replicaID=0],State of Active Resource Tuple,0.639941112,1.0
ActiveResourceMeasuringPoint[_pz1007_s1_m1_25_prs2|replicaID=0],State of Active Resource Tuple,0.641941112,0.0
ActiveResourceMeasuringPoint[_pz1007_s1_m1_25_prs2|replicaID=0],State of Active Resource Tuple,0.641941112,1.0
ActiveResourceMeasuringPoint[_pz1007_s1_m1_25_prs2|replicaID=0],State of Active Resource Tuple,0.643941112,0.0
ActiveResourceMeasuringPoint[_pz1007_s1_m1_25_prs2|replicaID=0],State of Active Resource Tuple,0.643941112,1.0
ActiveResourceMeasuringPoint[_pz1007_s1_m1_25_prs2|replicaID=0],State of Active Resource Tuple,0.653941112,0.0
ActiveResourceMeasuringPoint[_pz1007_s1_m1_25_prs2|replicaID=0],State of Active Resource Tuple,0.665514417,1.0
ActiveResourceMeasuringPoint[_pz1007_s1_m1_25_prs2|replicaID=0],State of Active Resource Tuple,0.667514417,0.0
ActiveResourceMeasuringPoint[_pz1007_s1_m1_25_prs2|replicaID=0],State of Active Resource Tuple,0.667514417,1.0
ActiveResourceMeasuringPoint[_pz1007_s1_m1_25_prs2|replicaID=0],State of Active Resource Tuple,0.669514417,0.0
ActiveResourceMeasuringPoint[_pz1007_s1_m1_25_prs2|replicaID=0],State of Active Resource Tuple,0.669514417,1.0
ActiveResourceMeasuringPoint[_pz1007_s1_m1_25_prs2|replicaID=0],State of Active Resource Tuple,0.671514417,0.0
ActiveResourceMeasuringPoint[_pz1007_s1_m1_25_prs2|replicaID=0],State of Active Resource Tuple,0.671514417,1.0
ActiveResourceMeasuringPoint[_pz1007_s1_m1_25_prs2|replicaID=0],State of Active Resource Tuple,0.681514417,0.0
ActiveResourceMeasuringPoint[_pz1007_s1_m1_25_prs2|replicaID=0],State of Active Resource Tuple,0.705293938,1.0
ActiveResourceMeasuringPoint[_pz1007_s1_m1_25_prs2|replicaID=0],State of Active Resource Tuple,0.707293938,0.0
ActiveResourceMeasuringPoint[_pz1007_s1_m1_25_prs2|replicaID=0],State of Active Resource Tuple,0.707293938,1.0
ActiveResourceMeasuringPoint[_pz1007_s1_m1_25_prs2|replicaID=0],State of Active Resource Tuple,0.717293938,0.0
ActiveResourceMeasuringPoint[_pz1007_s1_m1_25_prs2|replicaID=0],State of Active Resource Tuple,0.745896002,1.0
ActiveResourceMeasuringPoint[_pz1007_s1_m1_25_prs2|replicaID=0],State of Active Resource Tuple,0.747896002,0.0
ActiveResourceMeasuringPoint[_pz1007_s1_m1_25_prs2|replicaID=0],State of Active Resource Tuple,0.747896002,1.0
ActiveResourceMeasuringPoint[_pz1007_s1_m1_25_prs2|replicaID=0],State of Active Resource Tuple,0.757896002,0.0
ActiveResourceMeasuringPoint[_pz1007_s1_m1_25_prs2|replicaID=0],State of Active Resource Tuple,0.781931325,1.0
ActiveResourceMeasuringPoint[_pz1007_s1_m1_25_prs2|replicaID=0],State of Active Resource Tuple,0.783931325,0.0
ActiveResourceMeasuringPoint[_pz1007_s1_m1_25_prs2|replicaID=0],State of Active Resource Tuple,0.783931325,1.0
ActiveResourceMeasuringPoint[_pz1007_s1_m1_25_prs2|replicaID=0],State of Active Resource Tuple,0.785931325,0.0
ActiveResourceMeasuringPoint[_pz1007_s1_m1_25_prs2|replicaID=0],State of Active Resource Tuple,0.785931325,1.0
ActiveResourceMeasuringPoint[_pz1007_s1_m1_25_prs2|replicaID=0],State of Active Resource Tuple,0.787931325,0.0
ActiveResourceMeasuringPoint[_pz1007_s1_m1_25_prs2|replicaID=0],State of Active Resource Tuple,0.787931325,1.0
ActiveResourceMeasuringPoint[_pz1007_s1_m1_25_prs2|replicaID=0],State of Active Resource Tuple,0.797931325,0.0
ActiveResourceMeasuringPoint[_pz1007_s1_m1_25_prs2|replicaID=0],State of Active Resource Tuple,0.826884392,1.0
ActiveResourceMeasuringPoint[_pz1007_s1_m1_25_prs2|replicaID=0],State of Active Resource Tuple,0.828884392,0.0
ActiveResourceMeasuringPoint[_pz1007_s1_m1_25_prs2|replicaID=0],State of Active Resource Tuple,0.828884392,1.0
ActiveResourceMeasuringPoint[_pz1007_s1_m1_25_prs2|replicaID=0],State of Active Resource Tuple,0.830884392,0.0
ActiveResourceMeasuringPoint[_pz1007_s1_m1_25_prs2|replicaID=0],State of Active Resource Tuple,0.830884392,1.0
ActiveResourceMeasuringPoint[_pz1007_s1_m1_25_prs2|replicaID=0],State of Active Resource Tuple,0.832884392,0.0
ActiveResourceMeasuringPoint[_pz1007_s1_m1_25_prs2|replicaID=0],State of Active Resource Tuple,0.832884392,1.0
ActiveResourceMeasuringPoint[_pz1007_s1_m1_25_prs2|replicaID=0],State of Active Resource Tuple,0.842884392,0.0
ActiveResourceMeasuringPoint[_pz1007_s1_m1_25_prs2|replicaID=0],State of Active Resource Tuple,0.903468177,1.0
ActiveResourceMeasuringPoint[_pz1007_s1_m1_25_prs2|replicaID=0],State of Active Resource Tuple,0.905468177,0.0
ActiveResourceMeasuringPoint[_pz1007_s1_m1_25_prs2|replicaID=0],State of Active Resource Tuple,0.905468177,1.0
ActiveResourceMeasuringPoint[_pz1007_s1_m1_25_prs2|replicaID=0],State of Active Resource Tuple,0.907468177,0.0
ActiveResourceMeasuringPoint[_pz1007_s1_m1_25_prs2|replicaID=0],State of Active Resource Tuple,0.907468177,1.0
ActiveResourceMeasuringPoint[_pz1007_s1_m1_25_prs2|replicaID=0],State of Active Resource Tuple,0.909468177,0.0
ActiveResourceMeasuringPoint[_pz1007_s1_m1_25_prs2|replicaID=0],State of Active Resource Tuple,0.929623571,1.0
ActiveResourceMeasuringPoint[_pz1007_s1_m1_25_prs2|replicaID=0],State of Active Resource Tuple,0.931623571,0.0
ActiveResourceMeasuringPoint[_pz1007_s1_m1_25_prs2|replicaID=0],State of Active Resource Tuple,0.931623571,1.0
ActiveResourceMeasuringPoint[_pz1007_s1_m1_25_prs2|replicaID=0],State of Active Resource Tuple,0.941623571,0.0
ActiveResourceMeasuringPoint[_pz1007_s1_m1_25_prs2|replicaID=0],State of Active Resource Tuple,0.945080055,1.0
ActiveResourceMeasuringPoint[_pz1007_s1_m1_25_prs2|replicaID=0],State of Active Resource Tuple,0.947080055,0.0
ActiveResourceMeasuringPoint[_pz1007_s1_m1_25_prs2|replicaID=0],State of Active Resource Tuple,0.947080055,1.0
ActiveResourceMeasuringPoint[_pz1007_s1_m1_25_prs2|replicaID=0],State of Active Resource Tuple,0.949080055,0.0
ActiveResourceMeasuringPoint[_pz1007_s1_m1_25_prs2|replicaID=0],State of Active Resource Tuple,1.008054125,0.0
ActiveResourceMeasuringPoint[_pz1007_s1_m1_25_prs3|replicaID=0],State of Active Resource Tuple,0.0,0.0
ActiveResourceMeasuringPoint[_pz1007_s1_m1_25_prs3|replicaID=0],State of Active Resource Tuple,1.008054125,0.0
ActiveResourceMeasuringPoint[_pz1007_s1_m1_25_prs4|replicaID=0],State of Active Resource Tuple,0.0,0.0
ActiveResourceMeasuringPoint[_pz1007_s1_m1_25_prs4|replicaID=0],State of Active Resource Tuple,1.008054125,0.0
EntryLevelSystemCallMeasuringPoint[_pz1007_s1_m1_25_ua5],Response Time Tuple,0.035956744,0.032727834
EntryLevelSystemCallMeasuringPoint[_pz1007_s1_m1_25_ua5],Response Time Tuple,0.092055508,0.024895673999999993
EntryLevelSystemCallMeasuringPoint[_pz1007_s1_m1_25_ua5],Response Time Tuple,0.117055508,0.049519623
EntryLevelSystemCallMeasuringPoint[_pz1007_s1_m1_25_ua5],Response Time Tuple,0.139055508,0.06047803099999999
EntryLevelSystemCallMeasuringPoint[_pz1007_s1_m1_25_ua5],Response Time Tuple,0.163148289,0.029637810000000014
EntryLevelSystemCallMeasuringPoint[_pz1007_s1_m1_25_ua5],Response Time Tuple,0.221366325,0.04179211599999999
EntryLevelSystemCallMeasuringPoint[_pz1007_s1_m1_25_ua5],Response Time Tuple,0.248959176,0.029436864000000007
EntryLevelSystemCallMeasuringPoint[_pz1007_s1_m1_25_ua5],Response Time Tuple,0.270959176,0.03413768900000003
EntryLevelSystemCallMeasuringPoint[_pz1007_s1_m1_25_ua5],Response Time Tuple,0.296100876,0.02194137800000001
EntryLevelSystemCallMeasuringPoint[_pz1007_s1_m1_25_ua5],Response Time Tuple,0.336546013,0.02523255999999996
EntryLevelSystemCallMeasuringPoint[_pz1007_s1_m1_25_ua5],Response Time Tuple,0.37149734,0.029784422000000033
EntryLevelSystemCallMeasuringPoint[_pz1007_s1_m1_25_ua5],Response Time Tuple,0.406038099,0.022767645000000003
EntryLevelSystemCallMeasuringPoint[_pz1007_s1_m1_25_ua5],Response Time Tuple,0.448075201,0.03168460099999998
EntryLevelSystemCallMeasuringPoint[_pz1007_s1_m1_25_ua5],Response Time Tuple,0.463843371,0.028193784
EntryLevelSystemCallMeasuringPoint[_pz1007_s1_m1_25_ua5],Response Time Tuple,0.515515713,0.03888819199999999
EntryLevelSystemCallMeasuringPoint[_pz1007_s1_m1_25_ua5],Response Time Tuple,0.554883061,0.024260659999999934
EntryLevelSystemCallMeasuringPoint[_pz1007_s1_m1_25_ua5],Response Time Tuple,0.653941112,0.02372418300000001
EntryLevelSystemCallMeasuringPoint[_pz1007_s1_m1_25_ua5],Response Time Tuple,0.681514417,0.026136590000000015
EntryLevelSystemCallMeasuringPoint[_pz1007_s1_m1_25_ua5],Response Time Tuple,0.717293938,0.02250395499999991
EntryLevelSystemCallMeasuringPoint[_pz1007_s1_m1_25_ua5],Response Time Tuple,0.757896002,0.029015798999999953
EntryLevelSystemCallMeasuringPoint[_pz1007_s1_m1_25_ua5],Response Time Tuple,0.797931325,0.024445300999999975
EntryLevelSystemCallMeasuringPoint[_pz1007_s1_m1_25_ua5],Response Time Tuple,0.842884392,0.028499693999999964
EntryLevelSystemCallMeasuringPoint[_pz1007_s1_m1_25_ua5],Response Time Tuple,0.927623571,0.04194801400000003
EntryLevelSystemCallMeasuringPoint[_pz1007_s1_m1_25_ua5],Response Time Tuple,0.941623571,0.03477071500000006
EntryLevelSystemCallMeasuringPoint[_pz1007_s1_m1_25_ua5],Response Time Tuple,0.964080055,0.049932207000000006
ExternalCallActionMeasuringPoint[_pz1007_s1_m1_25_act8],Response Time Tuple,0.025956744,0.022727834
ExternalCallActionMeasuringPoint[_pz1007_s1_m1_25_act8],Response Time Tuple,0.079691719,0.012531884999999993
ExternalCallActionMeasuringPoint[_pz1007_s1_m1_25_act8],Response Time Tuple,0.085691719,0.018155833999999996
ExternalCallActionMeasuringPoint[_pz1007_s1_m1_25_act8],Response Time Tuple,0.129055508,0.05047803100000001
ExternalCallActionMeasuringPoint[_pz1007_s1_m1_25_act8],Response Time Tuple,0.153148289,0.019637810000000006
ExternalCallActionMeasuringPoint[_pz1007_s1_m1_25_act8],Response Time Tuple,0.211366325,0.03179211599999998
ExternalCallActionMeasuringPoint[_pz1007_s1_m1_25_act8],Response Time Tuple,0.243514492,0.023992180000000002
ExternalCallActionMeasuringPoint[_pz1007_s1_m1_25_act8],Response Time Tuple,0.260959176,0.024137689000000018
ExternalCallActionMeasuringPoint[_pz1007_s1_m1_25_act8],Response Time Tuple,0.286100876,0.011941378000000002
ExternalCallActionMeasuringPoint[_pz1007_s1_m1_25_act8],Response Time Tuple,0.326546013,0.015232560000000006
ExternalCallActionMeasuringPoint[_pz1007_s1_m1_25_act8],Response Time Tuple,0.36149734,0.019784422000000024
ExternalCallActionMeasuringPoint[_pz1007_s1_m1_25_act8],Response Time Tuple,0.396038099,0.012767644999999994
ExternalCallActionMeasuringPoint[_pz1007_s1_m1_25_act8],Response Time Tuple,0.438075201,0.021684601000000026
ExternalCallActionMeasuringPoint[_pz1007_s1_m1_25_act8],Response Time Tuple,0.453843371,0.01819378399999999
ExternalCallActionMeasuringPoint[_pz1007_s1_m1_25_act8],Response Time Tuple,0.505515713,0.02888819199999998
ExternalCallActionMeasuringPoint[_pz1007_s1_m1_25_act8],Response Time Tuple,0.544883061,0.014260659999999925
ExternalCallActionMeasuringPoint[_pz1007_s1_m1_25_act8],Response Time Tuple,0.643941112,0.013724183000000001
ExternalCallActionMeasuringPoint[_pz1007_s1_m1_25_act8],Response Time Tuple,0.671514417,0.016136590000000006
ExternalCallActionMeasuringPoint[_pz1007_s1_m1_25_act8],Response Time Tuple,0.707293938,0.0125039549999999
ExternalCallActionMeasuringPoint[_pz1007_s1_m1_25_act8],Response Time Tuple,0.747896002,0.019015798999999944
ExternalCallActionMeasuringPoint[_pz1007_s1_m1_25_act8],Response Time Tuple,0.787931325,0.014445300999999966
ExternalCallActionMeasuringPoint[_pz1007_s1_m1_25_act8],Response Time Tuple,0.832884392,0.018499693999999955
ExternalCallActionMeasuringPoint[_pz1007_s1_m1_25_act8],Response Time Tuple,0.909468177,0.023792620000000042
ExternalCallActionMeasuringPoint[_pz1007_s1_m1_25_act8],Response Time Tuple,0.931623571,0.024770715000000054
ExternalCallActionMeasuringPoint[_pz1007_s1_m1_25_act8],Response Time Tuple,0.949080055,0.03493220699999999
SystemOperationMeasuringPoint[_pz1007_s1_m1_25_prov5|_pz1007_s1_m1_25_sig1|_pz1007_s1_m1_25_system1],Response Time Tuple,0.035956744,0.032727834
SystemOperationMeasuringPoint[_pz1007_s1_m1_25_prov5|_pz1007_s1_m1_25_sig1|_pz1007_s1_m1_25_system1],Response Time Tuple,0.092055508,0.024895673999999993
SystemOperationMeasuringPoint[_pz1007_s1_m1_25_prov5|_pz1007_s1_m1_25_sig1|_pz1007_s1_m1_25_system1],Response Time Tuple,0.117055508,0.049519623
SystemOperationMeasuringPoint[_pz1007_s1_m1_25_prov5|_pz1007_s1_m1_25_sig1|_pz1007_s1_m1_25_system1],Response Time Tuple,0.139055508,0.06047803099999999
SystemOperationMeasuringPoint[_pz1007_s1_m1_25_prov5|_pz1007_s1_m1_25_sig1|_pz1007_s1_m1_25_system1],Response Time Tuple,0.163148289,0.029637810000000014
SystemOperationMeasuringPoint[_pz1007_s1_m1_25_prov5|_pz1007_s1_m1_25_sig1|_pz1007_s1_m1_25_system1],Response Time Tuple,0.221366325,0.04179211599999999
SystemOperationMeasuringPoint[_pz1007_s1_m1_25_prov5|_pz1007_s1_m1_25_sig1|_pz1007_s1_m1_25_system1],Response Time Tuple,0.248959176,0.029436864000000007
SystemOperationMeasuringPoint[_pz1007_s1_m1_25_prov5|_pz1007_s1_m1_25_sig1|_pz1007_s1_m1_25_system1],Response Time Tuple,0.270959176,0.03413768900000003
SystemOperationMeasuringPoint[_pz1007_s1_m1_25_prov5|_pz1007_s1_m1_25_sig1|_pz1007_s1_m1_25_system1],Response Time Tuple,0.296100876,0.02194137800000001
SystemOperationMeasuringPoint[_pz1007_s1_m1_25_prov5|_pz1007_s1_m1_25_sig1|_pz1007_s1_m1_25_system1],Response Time Tuple,0.336546013,0.02523255999999996
SystemOperationMeasuringPoint[_pz1007_s1_m1_25_prov5|_pz1007_s1_m1_25_sig1|_pz1007_s1_m1_25_system1],Response Time Tuple,0.37149734,0.029784422000000033
SystemOperationMeasuringPoint[_pz1007_s1_m1_25_prov5|_pz1007_s1_m1_25_sig1|_pz1007_s1_m1_25_system1],Response Time Tuple,0.406038099,0.022767645000000003
SystemOperationMeasuringPoint[_pz1007_s1_m1_25_prov5|_pz1007_s1_m1_25_sig1|_pz1007_s1_m1_25_system1],Response Time Tuple,0.448075201,0.03168460099999998
SystemOperationMeasuringPoint[_pz1007_s1_m1_25_prov5|_pz1007_s1_m1_25_sig1|_pz1007_s1_m1_25_system1],Response Time Tuple,0.463843371,0.028193784
SystemOperationMeasuringPoint[_pz1007_s1_m1_25_prov5|_pz1007_s1_m1_25_sig1|_pz1007_s1_m1_25_system1],Response Time Tuple,0.515515713,0.03888819199999999
SystemOperationMeasuringPoint[_pz1007_s1_m1_25_prov5|_pz1007_s1_m1_25_sig1|_pz1007_s1_m1_25_system1],Response Time Tuple,0.554883061,0.024260659999999934
SystemOperationMeasuringPoint[_pz1007_s1_m1_25_prov5|_pz1007_s1_m1_25_sig1|_pz1007_s1_m1_25_system1],Response Time Tuple,0.653941112,0.02372418300000001
SystemOperationMeasuringPoint[_pz1007_s1_m1_25_prov5|_pz1007_s1_m1_25_sig1|_pz1007_s1_m1_25_system1],Response Time Tuple,0.681514417,0.026136590000000015
SystemOperationMeasuringPoint[_pz1007_s1_m1_25_prov5|_pz1007_s1_m1_25_sig1|_pz1007_s1_m1_25_system1],Response Time Tuple,0.717293938,0.02250395499999991
SystemOperationMeasuringPoint[_pz1007_s1_m1_25_prov5|_pz1007_s1_m1_25_sig1|_pz1007_s1_m1_25_system1],Response Time Tuple,0.757896002,0.029015798999999953
SystemOperationMeasuringPoint[_pz1007_s1_m1_25_prov5|_pz1007_s1_m1_25_sig1|_pz1007_s1_m1_25_system1],Response Time Tuple,0.797931325,0.024445300999999975
SystemOperationMeasuringPoint[_pz1007_s1_m1_25_prov5|_pz1007_s1_m1_25_sig1|_pz1007_s1_m1_25_system1],Response Time Tuple,0.842884392,0.028499693999999964
SystemOperationMeasuringPoint[_pz1007_s1_m1_25_prov5|_pz1007_s1_m1_25_sig1|_pz1007_s1_m1_25_system1],Response Time Tuple,0.927623571,0.04194801400000003
SystemOperationMeasuringPoint[_pz1007_s1_m1_25_prov5|_pz1007_s1_m1_25_sig1|_pz1007_s1_m1_25_system1],Response Time Tuple,0.941623571,0.03477071500000006
SystemOperationMeasuringPoint[_pz1007_s1_m1_25_prov5|_pz1007_s1_m1_25_sig1|_pz1007_s1_m1_25_system1],Response Time Tuple,0.964080055,0.049932207000000006
UsageScenarioMeasuringPoint[_pz1007_s1_m1_25_us1],Response Time Tuple,0.035956744,0.035956744
UsageScenarioMeasuringPoint[_pz1007_s1_m1_25_us1],Response Time Tuple,0.092055508,0.092055508
UsageScenarioMeasuringPoint[_pz1007_s1_m1_25_us1],Response Time Tuple,0.117055508,0.07109876400000001
UsageScenarioMeasuringPoint[_pz1007_s1_m1_25_us1],Response Time Tuple,0.139055508,0.139055508
UsageScenarioMeasuringPoint[_pz1007_s1_m1_25_us1],Response Time Tuple,0.163148289,0.03609278099999999
UsageScenarioMeasuringPoint[_pz1007_s1_m1_25_us1],Response Time Tuple,0.221366325,0.04821803599999999
UsageScenarioMeasuringPoint[_pz1007_s1_m1_25_us1],Response Time Tuple,0.248959176,0.099903668
UsageScenarioMeasuringPoint[_pz1007_s1_m1_25_us1],Response Time Tuple,0.270959176,0.03959285100000001
UsageScenarioMeasuringPoint[_pz1007_s1_m1_25_us1],Response Time Tuple,0.296100876,0.0371417
UsageScenarioMeasuringPoint[_pz1007_s1_m1_25_us1],Response Time Tuple,0.336546013,0.23449050499999996
UsageScenarioMeasuringPoint[_pz1007_s1_m1_25_us1],Response Time Tuple,0.37149734,0.09053816400000003
UsageScenarioMeasuringPoint[_pz1007_s1_m1_25_us1],Response Time Tuple,0.406038099,0.059492086
UsageScenarioMeasuringPoint[_pz1007_s1_m1_25_us1],Response Time Tuple,0.448075201,0.14197432499999996
UsageScenarioMeasuringPoint[_pz1007_s1_m1_25_us1],Response Time Tuple,0.463843371,0.08234603099999999
UsageScenarioMeasuringPoint[_pz1007_s1_m1_25_us1],Response Time Tuple,0.515515713,0.09947761399999999
UsageScenarioMeasuringPoint[_pz1007_s1_m1_25_us1],Response Time Tuple,0.554883061,0.08103968999999994
UsageScenarioMeasuringPoint[_pz1007_s1_m1_25_us1],Response Time Tuple,0.653941112,0.12842539900000005
UsageScenarioMeasuringPoint[_pz1007_s1_m1_25_us1],Response Time Tuple,0.681514417,0.22343921600000005
UsageScenarioMeasuringPoint[_pz1007_s1_m1_25_us1],Response Time Tuple,0.717293938,0.05335282599999991
UsageScenarioMeasuringPoint[_pz1007_s1_m1_25_us1],Response Time Tuple,0.757896002,0.030602063999999984
UsageScenarioMeasuringPoint[_pz1007_s1_m1_25_us1],Response Time Tuple,0.797931325,0.233048264
UsageScenarioMeasuringPoint[_pz1007_s1_m1_25_us1],Response Time Tuple,0.842884392,0.15136997499999993
UsageScenarioMeasuringPoint[_pz1007_s1_m1_25_us1],Response Time Tuple,0.927623571,0.11969224600000006
UsageScenarioMeasuringPoint[_pz1007_s1_m1_25_us1],Response Time Tuple,0.941623571,0.17372756900000008
UsageScenarioMeasuringPoint[_pz1007_s1_m1_25_us1],Response Time Tuple,0.964080055,0.11119566300000006
