sim,model,sim_time_s,t_s,sim_time,measurements,heap_mb
refsim,x_ss_mediastore,300000000.0,5.0,262994.5,4647,150
refsim,x_ss_mediastore,300000000.0,10.001,5273248.2,87512,123
refsim,x_ss_mediastore,300000000.0,15.002,11081531.9,184479,106
refsim,x_ss_mediastore,300000000.0,20.002,17039057.1,283477,260
refsim,x_ss_mediastore,300000000.0,25.003,23296377.6,387746,147
refsim,x_ss_mediastore,300000000.0,30.003,29270557.4,486775,150
refsim,x_ss_mediastore,300000000.0,35.004,35248134.0,586573,393
refsim,x_ss_mediastore,300000000.0,40.004,41169025.6,685733,309
refsim,x_ss_mediastore,300000000.0,45.005,47104360.4,784403,183
refsim,x_ss_mediastore,300000000.0,50.005,52859407.3,881849,361
refsim,x_ss_mediastore,300000000.0,55.006,58808318.9,982036,272
refsim,x_ss_mediastore,300000000.0,60.006,64766671.6,1081000,345
refsim,x_ss_mediastore,300000000.0,65.007,70896172.7,1183644,211
refsim,x_ss_mediastore,300000000.0,70.007,77096649.1,1286825,461
refsim,x_ss_mediastore,300000000.0,75.008,83184900.0,1388249,281
refsim,x_ss_mediastore,300000000.0,80.008,89248243.2,1490072,498
refsim,x_ss_mediastore,300000000.0,85.009,95378487.4,1593973,374
refsim,x_ss_mediastore,300000000.0,90.009,101388752.9,1693945,201
refsim,x_ss_mediastore,300000000.0,95.01,107560221.6,1795922,468
refsim,x_ss_mediastore,300000000.0,100.01,113881437.4,1900712,440
refsim,x_ss_mediastore,300000000.0,105.011,119856093.7,1999091,580
refsim,x_ss_mediastore,300000000.0,110.011,125897910.0,2098971,236
refsim,x_ss_mediastore,300000000.0,115.012,131905752.4,2200176,375
refsim,x_ss_mediastore,300000000.0,120.012,138099034.5,2302102,541
refsim,x_ss_mediastore,300000000.0,125.013,144260827.6,2403588,230
refsim,x_ss_mediastore,300000000.0,130.013,150405488.0,2507245,463
refsim,x_ss_mediastore,300000000.0,135.014,156629630.3,2609945,650
refsim,x_ss_mediastore,300000000.0,140.014,162458692.0,2708853,275
refsim,x_ss_mediastore,300000000.0,145.015,168469772.5,2807983,370
refsim,x_ss_mediastore,300000000.0,150.015,174972740.0,2915486,668
refsim,x_ss_mediastore,300000000.0,155.016,181262588.1,3019327,413
refsim,x_ss_mediastore,300000000.0,160.016,187378137.2,3123061,615
refsim,x_ss_mediastore,300000000.0,165.017,193382677.8,3224548,307
refsim,x_ss_mediastore,300000000.0,170.017,199464242.7,3326755,479
refsim,x_ss_mediastore,300000000.0,175.018,205687813.0,3430577,689
refsim,x_ss_mediastore,300000000.0,180.018,211559416.3,3529256,300
refsim,x_ss_mediastore,300000000.0,185.018,217763034.0,3632121,488
refsim,x_ss_mediastore,300000000.0,190.019,223950266.7,3734584,675
refsim,x_ss_mediastore,300000000.0,195.019,229971104.2,3834047,315
refsim,x_ss_mediastore,300000000.0,200.02,235970627.6,3934005,432
refsim,x_ss_mediastore,300000000.0,205.02,242117241.6,4036389,603
refsim,x_ss_mediastore,300000000.0,210.021,248051236.0,4135864,701
refsim,x_ss_mediastore,300000000.0,215.021,254036382.6,4236064,365
refsim,x_ss_mediastore,300000000.0,220.022,260232665.3,4338674,552
refsim,x_ss_mediastore,300000000.0,225.022,266238055.1,4439418,732
refsim,x_ss_mediastore,300000000.0,230.023,272545666.9,4544359,563
refsim,x_ss_mediastore,300000000.0,235.023,278803692.7,4649895,442
refsim,x_ss_mediastore,300000000.0,240.024,285028034.4,4751964,694
refsim,x_ss_mediastore,300000000.0,245.024,291003954.0,4851790,481
refsim,x_ss_mediastore,300000000.0,250.025,297073814.1,4953046,749
simulizar-vt,x_ss_mediastore,200000000.0,5.0,,,
simulizar-vt,x_ss_mediastore,200000000.0,10.0,,,
simulizar-vt,x_ss_mediastore,200000000.0,15.001,,,
simulizar-vt,x_ss_mediastore,200000000.0,20.001,,,
simulizar-vt,x_ss_mediastore,200000000.0,25.002,,,
simulizar-vt,x_ss_mediastore,200000000.0,30.003,,,
simulizar-vt,x_ss_mediastore,200000000.0,35.003,,,
simulizar-vt,x_ss_mediastore,200000000.0,40.004,,,
simulizar-vt,x_ss_mediastore,200000000.0,45.005,,,
simulizar-vt,x_ss_mediastore,200000000.0,50.005,,,
simulizar-vt,x_ss_mediastore,200000000.0,55.006,,,
simulizar-vt,x_ss_mediastore,200000000.0,60.006,,,
simulizar-vt,x_ss_mediastore,200000000.0,65.007,,,
simulizar-vt,x_ss_mediastore,200000000.0,70.007,,,
simulizar-vt,x_ss_mediastore,200000000.0,75.007,,,
simulizar-vt,x_ss_mediastore,200000000.0,80.008,,,
simulizar-vt,x_ss_mediastore,200000000.0,85.015,,,
simulizar-vt,x_ss_mediastore,200000000.0,90.015,,,
simulizar-vt,x_ss_mediastore,200000000.0,95.016,,,
simulizar-vt,x_ss_mediastore,200000000.0,100.017,,,
simulizar-vt,x_ss_mediastore,200000000.0,105.017,,,
simulizar-vt,x_ss_mediastore,200000000.0,110.018,,,
simulizar-vt,x_ss_mediastore,200000000.0,115.019,,,
simulizar-vt,x_ss_mediastore,200000000.0,120.019,,,
simulizar-vt,x_ss_mediastore,200000000.0,125.02,,,
simulizar-vt,x_ss_mediastore,200000000.0,130.02,,,
simulizar-vt,x_ss_mediastore,200000000.0,135.021,,,
simulizar-vt,x_ss_mediastore,200000000.0,140.022,,,
simulizar-vt,x_ss_mediastore,200000000.0,145.022,,,
simulizar-vt,x_ss_mediastore,200000000.0,150.023,,,
simulizar-vt,x_ss_mediastore,200000000.0,155.024,,,
simulizar-vt,x_ss_mediastore,200000000.0,160.025,,,
simulizar-vt,x_ss_mediastore,200000000.0,165.025,,,
simulizar-vt,x_ss_mediastore,200000000.0,170.026,,,
simulizar-vt,x_ss_mediastore,200000000.0,175.027,,,
simulizar-vt,x_ss_mediastore,200000000.0,180.027,,,
simulizar,x_ss_mediastore,200000000.0,5.0,,,
simulizar,x_ss_mediastore,200000000.0,10.001,,,
simulizar,x_ss_mediastore,200000000.0,15.002,,,
simulizar,x_ss_mediastore,200000000.0,20.003,,,
simulizar,x_ss_mediastore,200000000.0,25.004,,,
simulizar,x_ss_mediastore,200000000.0,30.004,,,
simulizar,x_ss_mediastore,200000000.0,35.005,,,
simulizar,x_ss_mediastore,200000000.0,40.006,,,
simulizar,x_ss_mediastore,200000000.0,45.007,,,
simulizar,x_ss_mediastore,200000000.0,50.008,,,
simulizar,x_ss_mediastore,200000000.0,55.009,,,
simulizar,x_ss_mediastore,200000000.0,60.01,,,
simulizar,x_ss_mediastore,200000000.0,65.01,,,
simulizar,x_ss_mediastore,200000000.0,70.011,,,
simulizar,x_ss_mediastore,200000000.0,75.012,,,
simulizar,x_ss_mediastore,200000000.0,80.013,,,
simulizar,x_ss_mediastore,200000000.0,85.014,,,
simulizar,x_ss_mediastore,200000000.0,90.015,,,
simulizar,x_ss_mediastore,200000000.0,95.016,,,
simulizar,x_ss_mediastore,200000000.0,100.017,,,
simulizar,x_ss_mediastore,200000000.0,105.018,,,
simulizar,x_ss_mediastore,200000000.0,110.019,,,
simulizar,x_ss_mediastore,200000000.0,115.02,,,
simulizar,x_ss_mediastore,200000000.0,120.021,,,
simulizar,x_ss_mediastore,200000000.0,125.022,,,
simulizar,x_ss_mediastore,200000000.0,130.023,,,
simulizar,x_ss_mediastore,200000000.0,135.024,,,
simulizar,x_ss_mediastore,200000000.0,140.025,,,
simulizar,x_ss_mediastore,200000000.0,145.027,,,
simulizar,x_ss_mediastore,200000000.0,150.03,,,
simulizar,x_ss_mediastore,200000000.0,155.032,,,
simulizar,x_ss_mediastore,200000000.0,160.035,,,
simulizar,x_ss_mediastore,200000000.0,165.038,,,
simulizar,x_ss_mediastore,200000000.0,170.041,,,
simulizar,x_ss_mediastore,200000000.0,175.043,,,
simulizar,x_ss_mediastore,200000000.0,180.046,,,
simulizar,x_ss_mediastore,200000000.0,185.049,,,
simulizar,x_ss_mediastore,200000000.0,190.051,,,
slingshot,x_ss_mediastore,300000000.0,5.0,,,
slingshot,x_ss_mediastore,300000000.0,10.0,,,
slingshot,x_ss_mediastore,300000000.0,15.001,,,
slingshot,x_ss_mediastore,300000000.0,20.001,,,
slingshot,x_ss_mediastore,300000000.0,25.002,,,
slingshot,x_ss_mediastore,300000000.0,30.002,,,
slingshot,x_ss_mediastore,300000000.0,35.016,,,
slingshot,x_ss_mediastore,300000000.0,40.016,,,
slingshot,x_ss_mediastore,300000000.0,45.017,,,
slingshot,x_ss_mediastore,300000000.0,50.017,,,
slingshot,x_ss_mediastore,300000000.0,55.032,,,
slingshot,x_ss_mediastore,300000000.0,60.032,,,
slingshot,x_ss_mediastore,300000000.0,65.033,,,
slingshot,x_ss_mediastore,300000000.0,70.033,,,
slingshot,x_ss_mediastore,300000000.0,75.034,,,
slingshot,x_ss_mediastore,300000000.0,80.034,,,
slingshot,x_ss_mediastore,300000000.0,85.035,,,
slingshot,x_ss_mediastore,300000000.0,90.035,,,
slingshot,x_ss_mediastore,300000000.0,95.036,,,
slingshot,x_ss_mediastore,300000000.0,100.036,,,
slingshot,x_ss_mediastore,300000000.0,105.037,,,
slingshot,x_ss_mediastore,300000000.0,110.037,,,
slingshot,x_ss_mediastore,300000000.0,115.037,,,
slingshot,x_ss_mediastore,300000000.0,120.038,,,
slingshot,x_ss_mediastore,300000000.0,125.038,,,
slingshot,x_ss_mediastore,300000000.0,130.039,,,
slingshot,x_ss_mediastore,300000000.0,135.039,,,
slingshot,x_ss_mediastore,300000000.0,140.04,,,
slingshot,x_ss_mediastore,300000000.0,145.04,,,
slingshot,x_ss_mediastore,300000000.0,150.041,,,
slingshot,x_ss_mediastore,300000000.0,155.041,,,
slingshot,x_ss_mediastore,300000000.0,160.042,,,
slingshot,x_ss_mediastore,300000000.0,165.042,,,
slingshot,x_ss_mediastore,300000000.0,170.054,,,
slingshot,x_ss_mediastore,300000000.0,175.055,,,
slingshot,x_ss_mediastore,300000000.0,180.055,,,
slingshot,x_ss_mediastore,300000000.0,185.056,,,
slingshot,x_ss_mediastore,300000000.0,190.056,,,
slingshot,x_ss_mediastore,300000000.0,195.056,,,
slingshot,x_ss_mediastore,300000000.0,200.057,,,
slingshot,x_ss_mediastore,300000000.0,205.058,,,
slingshot,x_ss_mediastore,300000000.0,210.058,,,
slingshot,x_ss_mediastore,300000000.0,215.058,,,
slingshot,x_ss_mediastore,300000000.0,220.059,,,
slingshot,x_ss_mediastore,300000000.0,225.059,,,
slingshot,x_ss_mediastore,300000000.0,230.06,,,
slingshot,x_ss_mediastore,300000000.0,235.06,,,
slingshot,x_ss_mediastore,300000000.0,240.061,,,
