phase,config,model,len,rep,wall_s,rss_kb,user_s,sys_s,rc,killed
cold,eventsim,h13_passive_contention,long,1,4.868138,733272,16.63,2.11,0,False
cold,eventsim,h13_passive_contention,long,2,4.943382,730324,16.56,2.16,0,False
cold,eventsim,h13_passive_contention,long,3,4.895643,724920,16.73,2.13,0,False
cold,eventsim,h13_passive_contention,short,1,3.904784,562628,12.05,1.75,0,False
cold,eventsim,h13_passive_contention,short,2,3.959056,563716,11.68,1.74,0,False
cold,eventsim,h13_passive_contention,short,3,3.946449,555600,11.95,1.76,0,False
cold,eventsim,x_espresso,long,1,4.236233,708448,15.06,1.76,0,False
cold,eventsim,x_espresso,long,2,4.257581,651584,14.54,1.80,0,False
cold,eventsim,x_espresso,long,3,4.291618,643560,14.81,1.78,0,False
cold,eventsim,x_espresso,short,1,3.785431,573244,11.47,1.61,0,False
cold,eventsim,x_espresso,short,2,3.793397,561256,11.37,1.74,0,False
cold,eventsim,x_espresso,short,3,3.828322,568668,11.92,1.69,0,False
cold,eventsim,x_pem_fork,long,1,4.266899,614864,14.12,1.90,0,False
cold,eventsim,x_pem_fork,long,2,4.382982,588004,14.68,1.97,0,False
cold,eventsim,x_pem_fork,long,3,4.276384,681876,14.74,1.91,0,False
cold,eventsim,x_pem_fork,short,1,3.907919,561544,11.43,1.65,0,False
cold,eventsim,x_pem_fork,short,2,3.823300,553856,11.37,1.75,0,False
cold,eventsim,x_pem_fork,short,3,3.874429,554000,11.60,1.75,0,False
cold,eventsim,x_sl_mediastore,long,1,6.343447,747224,20.70,2.80,0,False
cold,eventsim,x_sl_mediastore,long,2,6.159016,719548,19.96,2.79,0,False
cold,eventsim,x_sl_mediastore,long,3,6.209085,749688,19.90,2.68,0,False
cold,eventsim,x_sl_mediastore,short,1,4.438859,625000,14.88,2.02,0,False
cold,eventsim,x_sl_mediastore,short,2,4.386122,637308,14.97,1.99,0,False
cold,eventsim,x_sl_mediastore,short,3,4.420062,623976,14.79,2.01,0,False
cold,eventsim,x_ss_mediastore,long,1,7.611180,735956,21.70,3.04,0,False
cold,eventsim,x_ss_mediastore,long,2,7.487785,737880,21.91,3.04,0,False
cold,eventsim,x_ss_mediastore,long,3,7.520465,724412,21.38,3.14,0,False
cold,eventsim,x_ss_mediastore,short,1,4.429164,627492,15.07,2.08,0,False
cold,eventsim,x_ss_mediastore,short,2,4.501161,613480,14.98,2.02,0,False
cold,eventsim,x_ss_mediastore,short,3,4.460868,631452,14.75,2.03,0,False
cold,eventsim,x_ss_minimal,long,1,4.902479,736460,14.74,2.15,0,False
cold,eventsim,x_ss_minimal,long,2,4.861972,726712,14.47,2.06,0,False
cold,eventsim,x_ss_minimal,long,3,4.930411,759356,14.84,2.06,0,False
cold,eventsim,x_ss_minimal,short,1,3.815184,558116,11.23,1.65,0,False
cold,eventsim,x_ss_minimal,short,2,3.897079,550788,11.50,1.56,0,False
cold,eventsim,x_ss_minimal,short,3,3.799587,558752,11.33,1.62,0,False
cold,refsim,h13_passive_contention,long,1,14.625726,607160,21.98,5.68,0,False
cold,refsim,h13_passive_contention,long,2,14.445490,611508,22.24,5.38,0,False
cold,refsim,h13_passive_contention,long,3,14.413021,641668,22.07,5.58,0,False
cold,refsim,h13_passive_contention,short,1,5.872663,497348,13.44,2.38,0,False
cold,refsim,h13_passive_contention,short,2,5.734163,533268,13.12,2.40,0,False
cold,refsim,h13_passive_contention,short,3,5.672638,524848,13.24,2.36,0,False
cold,refsim,x_espresso,long,1,11.245127,556580,19.32,4.24,0,False
cold,refsim,x_espresso,long,2,11.449680,720756,19.40,4.52,0,False
cold,refsim,x_espresso,long,3,11.512813,531988,19.93,4.33,0,False
cold,refsim,x_espresso,short,1,5.867406,535220,12.89,2.46,0,False
cold,refsim,x_espresso,short,2,5.842760,524900,13.03,2.39,0,False
cold,refsim,x_espresso,short,3,6.165398,538944,13.46,2.62,0,False
cold,refsim,x_pem_fork,long,1,13.502837,592156,20.87,5.99,0,False
cold,refsim,x_pem_fork,long,2,13.396713,572800,19.99,6.02,0,False
cold,refsim,x_pem_fork,long,3,13.536058,588560,20.85,5.92,0,False
cold,refsim,x_pem_fork,short,1,5.689209,529976,12.46,2.27,0,False
cold,refsim,x_pem_fork,short,2,5.505713,523208,12.34,2.19,0,False
cold,refsim,x_pem_fork,short,3,5.558549,528464,12.66,2.38,0,False
cold,refsim,x_sl_mediastore,long,1,13.146118,717432,26.53,5.27,0,False
cold,refsim,x_sl_mediastore,long,2,12.602226,692792,26.04,5.11,0,False
cold,refsim,x_sl_mediastore,long,3,12.569150,740200,24.89,5.25,0,False
cold,refsim,x_sl_mediastore,short,1,6.969274,562200,17.84,3.34,0,False
cold,refsim,x_sl_mediastore,short,2,6.839240,579940,17.65,3.12,0,False
cold,refsim,x_sl_mediastore,short,3,6.814625,546744,17.66,3.01,0,False
cold,refsim,x_ss_mediastore,long,1,16.096317,711888,28.90,6.06,0,False
cold,refsim,x_ss_mediastore,long,2,15.760436,665516,28.42,5.84,0,False
cold,refsim,x_ss_mediastore,long,3,15.761058,673312,28.86,5.71,0,False
cold,refsim,x_ss_mediastore,short,1,6.601272,558188,17.24,3.05,0,False
cold,refsim,x_ss_mediastore,short,2,6.568705,568656,16.77,2.81,0,False
cold,refsim,x_ss_mediastore,short,3,6.650139,550168,16.84,2.99,0,False
cold,refsim,x_ss_minimal,long,1,8.640718,881520,19.77,3.58,0,False
cold,refsim,x_ss_minimal,long,2,8.570411,874032,18.69,3.52,0,False
cold,refsim,x_ss_minimal,long,3,8.637071,784044,18.32,3.75,0,False
cold,refsim,x_ss_minimal,short,1,5.558737,508156,12.80,2.32,0,False
cold,refsim,x_ss_minimal,short,2,5.483782,528620,12.36,2.15,0,False
cold,refsim,x_ss_minimal,short,3,5.487048,501988,12.10,2.42,0,False
cold,simoxide-cli,h13_passive_contention,long,1,0.267338,10096,0.04,0.06,0,False
cold,simoxide-cli,h13_passive_contention,long,2,0.227447,10272,0.04,0.03,0,False
cold,simoxide-cli,h13_passive_contention,long,3,0.206437,10092,0.04,0.07,0,False
cold,simoxide-cli,h13_passive_contention,short,1,0.006492,4224,0.00,0.00,0,False
cold,simoxide-cli,h13_passive_contention,short,2,0.004694,4224,0.00,0.00,0,False
cold,simoxide-cli,h13_passive_contention,short,3,0.005306,4224,0.00,0.00,0,False
cold,simoxide-cli,x_espresso,long,1,0.036905,6160,0.01,0.01,0,False
cold,simoxide-cli,x_espresso,long,2,0.065224,6160,0.02,0.03,0,False
cold,simoxide-cli,x_espresso,long,3,0.086860,5984,0.02,0.02,0,False
cold,simoxide-cli,x_espresso,short,1,0.016944,4224,0.00,0.01,0,False
cold,simoxide-cli,x_espresso,short,2,0.007622,4224,0.00,0.00,0,False
cold,simoxide-cli,x_espresso,short,3,0.005265,4224,0.00,0.00,0,False
cold,simoxide-cli,x_pem_fork,long,1,0.031999,5632,0.00,0.01,0,False
cold,simoxide-cli,x_pem_fork,long,2,0.026797,5632,0.00,0.01,0,False
cold,simoxide-cli,x_pem_fork,long,3,0.018849,5632,0.00,0.00,0,False
cold,simoxide-cli,x_pem_fork,short,1,0.008302,4224,0.00,0.00,0,False
cold,simoxide-cli,x_pem_fork,short,2,0.003152,4224,0.00,0.00,0,False
cold,simoxide-cli,x_pem_fork,short,3,0.004182,4224,0.00,0.00,0,False
cold,simoxide-cli,x_sl_mediastore,long,1,0.051138,6336,0.01,0.01,0,False
cold,simoxide-cli,x_sl_mediastore,long,2,0.081909,6336,0.01,0.01,0,False
cold,simoxide-cli,x_sl_mediastore,long,3,0.073962,6512,0.01,0.01,0,False
cold,simoxide-cli,x_sl_mediastore,short,1,0.013229,4928,0.00,0.01,0,False
cold,simoxide-cli,x_sl_mediastore,short,2,0.009507,5104,0.00,0.00,0,False
cold,simoxide-cli,x_sl_mediastore,short,3,0.005513,5104,0.00,0.00,0,False
cold,simoxide-cli,x_ss_mediastore,long,1,0.075965,7744,0.01,0.04,0,False
cold,simoxide-cli,x_ss_mediastore,long,2,0.051822,7744,0.02,0.01,0,False
cold,simoxide-cli,x_ss_mediastore,long,3,0.103940,7568,0.02,0.02,0,False
cold,simoxide-cli,x_ss_mediastore,short,1,0.009198,4928,0.00,0.00,0,False
cold,simoxide-cli,x_ss_mediastore,short,2,0.005248,4928,0.00,0.00,0,False
cold,simoxide-cli,x_ss_mediastore,short,3,0.005575,4928,0.00,0.00,0,False
cold,simoxide-cli,x_ss_minimal,long,1,0.090140,8272,0.03,0.02,0,False
cold,simoxide-cli,x_ss_minimal,long,2,0.198295,8272,0.03,0.04,0,False
cold,simoxide-cli,x_ss_minimal,long,3,0.081818,8272,0.03,0.04,0,False
cold,simoxide-cli,x_ss_minimal,short,1,0.004877,4224,0.00,0.00,0,False
cold,simoxide-cli,x_ss_minimal,short,2,0.006685,4224,0.00,0.00,0,False
cold,simoxide-cli,x_ss_minimal,short,3,0.004670,4224,0.00,0.00,0,False
cold,simucom,h13_passive_contention,long,1,16.205880,1005828,41.15,8.88,0,False
cold,simucom,h13_passive_contention,long,2,16.229934,991908,41.04,9.14,0,False
cold,simucom,h13_passive_contention,long,3,16.080211,1021084,39.01,9.03,0,False
cold,simucom,h13_passive_contention,short,1,8.101123,819124,33.60,4.95,0,False
cold,simucom,h13_passive_contention,short,2,8.173964,880136,34.04,5.07,0,False
cold,simucom,h13_passive_contention,short,3,8.181854,778504,32.78,4.87,0,False
cold,simucom,x_espresso,long,1,11.807306,962140,35.68,6.41,0,False
cold,simucom,x_espresso,long,2,12.091399,1176724,37.56,6.79,0,False
cold,simucom,x_espresso,long,3,11.911489,909124,36.16,6.55,0,False
cold,simucom,x_espresso,short,1,8.167049,771576,32.37,4.82,0,False
cold,simucom,x_espresso,short,2,7.860518,793180,31.77,4.87,0,False
cold,simucom,x_espresso,short,3,8.004684,952548,32.34,5.02,0,False
cold,simucom,x_pem_fork,long,1,14.178749,877832,37.55,8.26,0,False
cold,simucom,x_pem_fork,long,2,14.178009,878776,37.52,8.30,0,False
cold,simucom,x_pem_fork,long,3,14.477319,1004036,35.78,8.48,0,False
cold,simucom,x_pem_fork,short,1,8.142139,964560,33.63,5.08,0,False
cold,simucom,x_pem_fork,short,2,8.237287,915076,34.17,5.20,0,False
cold,simucom,x_pem_fork,short,3,8.103763,920064,32.94,4.97,0,False
cold,simucom,x_sl_mediastore,long,1,14.450842,1117412,51.43,7.69,0,False
cold,simucom,x_sl_mediastore,long,2,14.233252,1050948,47.41,7.73,0,False
cold,simucom,x_sl_mediastore,long,3,14.642397,1406376,49.64,8.03,0,False
cold,simucom,x_sl_mediastore,short,1,10.542001,875140,43.27,6.42,0,False
cold,simucom,x_sl_mediastore,short,2,10.322092,882472,42.20,6.00,0,False
cold,simucom,x_sl_mediastore,short,3,10.144600,1009312,41.13,5.82,0,False
cold,simucom,x_ss_mediastore,long,1,16.326983,1013140,51.74,8.64,0,False
cold,simucom,x_ss_mediastore,long,2,16.057648,1061572,49.26,8.49,0,False
cold,simucom,x_ss_mediastore,long,3,16.784852,1287716,52.46,8.86,0,False
cold,simucom,x_ss_mediastore,short,1,10.291119,845152,41.82,6.30,0,False
cold,simucom,x_ss_mediastore,short,2,10.070537,828892,41.13,6.07,0,False
cold,simucom,x_ss_mediastore,short,3,10.013411,997488,40.19,6.05,0,False
cold,simucom,x_ss_minimal,long,1,10.002661,1133792,35.39,6.05,0,False
cold,simucom,x_ss_minimal,long,2,9.940982,1170708,36.64,6.04,0,False
cold,simucom,x_ss_minimal,long,3,10.053349,1191252,36.48,6.17,0,False
cold,simucom,x_ss_minimal,short,1,7.884628,931560,32.29,4.81,0,False
cold,simucom,x_ss_minimal,short,2,7.861315,818592,33.12,4.84,0,False
cold,simucom,x_ss_minimal,short,3,7.875072,940024,32.71,4.83,0,False
cold,simulizar-osgi,x_espresso,short,1,6.293388,491468,14.24,2.55,0,False
cold,simulizar-osgi,x_espresso,short,2,6.405393,504076,14.25,2.69,0,False
cold,simulizar-osgi,x_espresso,short,3,6.356225,507948,14.21,2.67,0,False
cold,simulizar-osgi,x_ss_mediastore,short,1,7.216574,607864,18.33,3.30,0,False
cold,simulizar-osgi,x_ss_mediastore,short,2,7.429131,618952,19.32,3.32,0,False
cold,simulizar-osgi,x_ss_mediastore,short,3,7.479704,562304,19.04,3.65,0,False
cold,simulizar-osgi,x_ss_minimal,short,1,5.940389,464808,13.30,2.44,0,False
cold,simulizar-osgi,x_ss_minimal,short,2,5.940489,451716,13.65,2.37,0,False
cold,simulizar-osgi,x_ss_minimal,short,3,5.823226,432096,13.10,2.13,0,False
cold,simulizar-vt,h13_passive_contention,long,1,10.065252,801632,21.25,4.14,0,False
cold,simulizar-vt,h13_passive_contention,long,2,10.046672,864716,20.86,4.11,0,False
cold,simulizar-vt,h13_passive_contention,long,3,9.888539,862328,20.91,4.43,0,False
cold,simulizar-vt,h13_passive_contention,short,1,5.638713,525048,13.15,2.30,0,False
cold,simulizar-vt,h13_passive_contention,short,2,5.706608,514808,13.38,2.36,0,False
cold,simulizar-vt,h13_passive_contention,short,3,5.656697,535024,13.31,2.22,0,False
cold,simulizar-vt,x_espresso,long,1,7.752222,748944,17.90,3.11,0,False
cold,simulizar-vt,x_espresso,long,2,7.709916,796428,17.77,2.95,0,False
cold,simulizar-vt,x_espresso,long,3,7.657604,785072,17.71,3.02,0,False
cold,simulizar-vt,x_espresso,short,1,5.716167,533340,13.09,2.45,0,False
cold,simulizar-vt,x_espresso,short,2,5.731765,525552,13.19,2.39,0,False
cold,simulizar-vt,x_espresso,short,3,5.676788,530776,12.80,2.32,0,False
cold,simulizar-vt,x_pem_fork,long,1,10.194259,590088,19.94,4.75,0,False
cold,simulizar-vt,x_pem_fork,long,2,9.944408,622948,19.92,4.68,0,False
cold,simulizar-vt,x_pem_fork,long,3,10.008792,703192,19.76,4.56,0,False
cold,simulizar-vt,x_pem_fork,short,1,5.524956,527828,12.84,2.29,0,False
cold,simulizar-vt,x_pem_fork,short,2,5.560436,535552,12.55,2.25,0,False
cold,simulizar-vt,x_pem_fork,short,3,5.558827,536552,12.82,2.21,0,False
cold,simulizar-vt,x_sl_mediastore,long,1,14.048988,697736,27.12,5.54,0,False
cold,simulizar-vt,x_sl_mediastore,long,2,14.102657,731880,27.47,5.46,0,False
cold,simulizar-vt,x_sl_mediastore,long,3,14.123108,729064,27.40,5.64,0,False
cold,simulizar-vt,x_sl_mediastore,short,1,6.806264,579496,17.99,2.96,0,False
cold,simulizar-vt,x_sl_mediastore,short,2,6.820465,579820,17.86,3.01,0,False
cold,simulizar-vt,x_sl_mediastore,short,3,6.885860,698216,17.66,2.97,0,False
cold,simulizar-vt,x_ss_mediastore,long,1,17.175201,813128,29.94,6.78,0,False
cold,simulizar-vt,x_ss_mediastore,long,2,16.752547,737472,29.51,6.43,0,False
cold,simulizar-vt,x_ss_mediastore,long,3,16.853793,780464,30.00,6.51,0,False
cold,simulizar-vt,x_ss_mediastore,short,1,6.848747,560016,17.40,3.25,0,False
cold,simulizar-vt,x_ss_mediastore,short,2,6.704044,541760,17.11,3.00,0,False
cold,simulizar-vt,x_ss_mediastore,short,3,6.672519,573824,17.46,2.91,0,False
cold,simulizar-vt,x_ss_minimal,long,1,9.511781,927788,20.31,3.84,0,False
cold,simulizar-vt,x_ss_minimal,long,2,9.472806,910824,20.46,3.79,0,False
cold,simulizar-vt,x_ss_minimal,long,3,9.425469,861944,20.10,3.74,0,False
cold,simulizar-vt,x_ss_minimal,short,1,5.419742,524432,12.27,2.28,0,False
cold,simulizar-vt,x_ss_minimal,short,2,5.450088,535032,12.66,2.14,0,False
cold,simulizar-vt,x_ss_minimal,short,3,5.459156,523052,12.44,2.27,0,False
cold,simulizar,h13_passive_contention,long,1,16.538265,748916,23.88,7.08,0,False
cold,simulizar,h13_passive_contention,long,2,16.575326,786372,24.69,7.17,0,False
cold,simulizar,h13_passive_contention,long,3,16.427025,705256,24.46,6.94,0,False
cold,simulizar,h13_passive_contention,short,1,5.719332,529044,13.42,2.16,0,False
cold,simulizar,h13_passive_contention,short,2,5.788693,531508,13.23,2.30,0,False
cold,simulizar,h13_passive_contention,short,3,5.755299,526484,13.15,2.32,0,False
cold,simulizar,x_espresso,long,1,11.667197,645192,19.95,4.13,0,False
cold,simulizar,x_espresso,long,2,11.651754,597820,20.57,4.09,0,False
cold,simulizar,x_espresso,long,3,11.379428,684932,19.89,4.05,0,False
cold,simulizar,x_espresso,short,1,5.771235,536132,12.93,2.34,0,False
cold,simulizar,x_espresso,short,2,5.650374,535016,12.51,2.21,0,False
cold,simulizar,x_espresso,short,3,5.834957,543800,13.26,2.47,0,False
cold,simulizar,x_pem_fork,long,1,13.845202,682648,20.04,6.27,0,False
cold,simulizar,x_pem_fork,long,2,13.969157,549604,20.67,6.24,0,False
cold,simulizar,x_pem_fork,long,3,13.786986,523140,21.01,5.97,0,False
cold,simulizar,x_pem_fork,short,1,5.578503,524348,12.72,2.28,0,False
cold,simulizar,x_pem_fork,short,2,5.561707,518660,12.74,2.13,0,False
cold,simulizar,x_pem_fork,short,3,5.421370,520260,12.34,2.13,0,False
cold,simulizar,x_sl_mediastore,long,1,13.701800,741996,26.87,5.38,0,False
cold,simulizar,x_sl_mediastore,long,2,13.918938,744068,27.12,5.62,0,False
cold,simulizar,x_sl_mediastore,long,3,13.574111,782280,26.11,5.13,0,False
cold,simulizar,x_sl_mediastore,short,1,6.998164,728444,18.06,3.26,0,False
cold,simulizar,x_sl_mediastore,short,2,6.957275,679856,18.01,3.07,0,False
cold,simulizar,x_sl_mediastore,short,3,6.847920,557320,17.30,2.89,0,False
cold,simulizar,x_ss_mediastore,long,1,17.200693,789576,30.00,6.80,0,False
cold,simulizar,x_ss_mediastore,long,2,16.647076,741020,29.19,6.33,0,False
cold,simulizar,x_ss_mediastore,long,3,17.081478,812652,29.43,6.52,0,False
cold,simulizar,x_ss_mediastore,short,1,6.669731,651120,16.71,2.93,0,False
cold,simulizar,x_ss_mediastore,short,2,6.660826,556788,16.92,2.73,0,False
cold,simulizar,x_ss_mediastore,short,3,6.648744,557272,17.19,3.06,0,False
cold,simulizar,x_ss_minimal,long,1,9.134722,926636,19.86,3.89,0,False
cold,simulizar,x_ss_minimal,long,2,9.159971,932568,18.94,3.88,0,False
cold,simulizar,x_ss_minimal,long,3,9.328121,857172,20.05,3.90,0,False
cold,simulizar,x_ss_minimal,short,1,5.314442,523672,12.06,2.01,0,False
cold,simulizar,x_ss_minimal,short,2,5.409766,524972,12.16,2.26,0,False
cold,simulizar,x_ss_minimal,short,3,5.447001,523060,12.23,2.29,0,False
cold,slingshot-osgi,x_espresso,short,1,3.730623,504164,11.51,2.23,0,False
cold,slingshot-osgi,x_espresso,short,2,3.928485,496812,12.08,2.39,0,False
cold,slingshot-osgi,x_espresso,short,3,3.843877,533320,11.77,2.33,0,False
cold,slingshot-osgi,x_ss_mediastore,short,1,4.868817,578676,15.37,3.32,0,False
cold,slingshot-osgi,x_ss_mediastore,short,2,4.836992,413636,15.46,3.24,0,False
cold,slingshot-osgi,x_ss_mediastore,short,3,4.748330,589880,15.36,3.01,0,False
cold,slingshot-osgi,x_ss_minimal,short,1,3.774339,439932,11.30,2.33,0,False
cold,slingshot-osgi,x_ss_minimal,short,2,3.866572,441172,11.48,2.47,0,False
cold,slingshot-osgi,x_ss_minimal,short,3,3.874006,445736,11.60,2.48,0,False
cold,slingshot,h13_passive_contention,long,1,11.287647,1157056,19.95,3.21,0,False
cold,slingshot,h13_passive_contention,long,2,11.595016,1119524,20.32,3.43,0,False
cold,slingshot,h13_passive_contention,long,3,11.673216,1115336,20.26,3.39,0,False
cold,slingshot,h13_passive_contention,short,1,3.040591,519932,8.04,1.72,0,False
cold,slingshot,h13_passive_contention,short,2,3.202395,500240,8.19,1.87,0,False
cold,slingshot,h13_passive_contention,short,3,3.011601,382548,7.96,1.64,0,False
cold,slingshot,x_espresso,long,1,5.674474,901404,12.99,2.03,0,False
cold,slingshot,x_espresso,long,2,5.677236,787808,13.12,2.02,0,False
cold,slingshot,x_espresso,long,3,5.652501,901064,13.30,1.97,0,False
cold,slingshot,x_espresso,short,1,2.957572,433128,7.52,1.76,0,False
cold,slingshot,x_espresso,short,2,2.866463,394880,7.52,1.53,0,False
cold,slingshot,x_espresso,short,3,2.815500,404752,7.43,1.50,0,False
cold,slingshot,x_sl_mediastore,long,1,9.326731,805432,20.87,3.32,0,False
cold,slingshot,x_sl_mediastore,long,2,9.305904,794304,20.95,3.34,0,False
cold,slingshot,x_sl_mediastore,long,3,9.347286,802076,21.46,3.41,0,False
cold,slingshot,x_sl_mediastore,short,1,4.018162,510232,11.94,2.53,0,False
cold,slingshot,x_sl_mediastore,short,2,3.941899,437712,11.48,2.53,0,False
cold,slingshot,x_sl_mediastore,short,3,4.167390,491080,12.28,2.68,0,False
cold,slingshot,x_ss_mediastore,long,1,12.610378,961468,25.69,3.79,0,False
cold,slingshot,x_ss_mediastore,long,2,12.291976,1077036,24.63,3.45,0,False
cold,slingshot,x_ss_mediastore,long,3,12.574551,1028740,24.65,3.80,0,False
cold,slingshot,x_ss_mediastore,short,1,3.800249,416184,10.88,2.38,0,False
cold,slingshot,x_ss_mediastore,short,2,3.790238,525900,10.70,2.39,0,False
cold,slingshot,x_ss_mediastore,short,3,3.834891,463656,10.84,2.43,0,False
cold,slingshot,x_ss_minimal,long,1,9.240055,1160132,16.34,2.61,0,False
cold,slingshot,x_ss_minimal,long,2,9.139011,1160732,16.12,2.66,0,False
cold,slingshot,x_ss_minimal,long,3,9.409502,1126228,16.94,2.63,0,False
cold,slingshot,x_ss_minimal,short,1,2.701504,372836,6.73,1.50,0,False
cold,slingshot,x_ss_minimal,short,2,2.710732,363596,6.62,1.52,0,False
cold,slingshot,x_ss_minimal,short,3,2.769608,379280,6.92,1.61,0,False
warm,eventsim,h13_passive_contention,long,,15.201444,1431964,38.05,5.07,0,False
warm,eventsim,h13_passive_contention,short,,5.991657,743508,19.23,2.45,0,False
warm,eventsim,x_espresso,long,,9.588672,1267424,23.73,2.15,0,False
warm,eventsim,x_espresso,short,,7.791712,749476,19.39,2.23,0,False
warm,eventsim,x_pem_fork,long,,8.383488,1270116,22.67,2.92,0,False
warm,eventsim,x_pem_fork,short,,5.152124,721592,18.07,2.14,0,False
warm,eventsim,x_sl_mediastore,long,,20.671634,853252,36.45,7.15,0,False
warm,eventsim,x_sl_mediastore,short,,9.566432,886292,28.71,3.59,0,False
warm,eventsim,x_ss_mediastore,long,,35.631976,957792,49.88,12.02,0,False
warm,eventsim,x_ss_mediastore,short,,9.513972,866812,28.16,3.61,0,False
warm,eventsim,x_ss_minimal,long,,19.535303,1578360,52.23,5.59,0,False
warm,eventsim,x_ss_minimal,short,,5.990850,746580,18.93,2.44,0,False
warm,refsim,h13_passive_contention,long,,99.327956,716044,74.13,36.31,0,False
warm,refsim,h13_passive_contention,short,,14.704010,742776,25.40,5.53,0,False
warm,refsim,x_espresso,long,,64.664980,691232,51.30,23.38,0,False
warm,refsim,x_espresso,short,,19.134921,722704,28.60,6.57,0,False
warm,refsim,x_pem_fork,long,,88.421025,900480,53.34,43.32,0,False
warm,refsim,x_pem_fork,short,,13.509783,616364,23.55,5.77,0,False
warm,refsim,x_sl_mediastore,long,,66.211187,767996,72.56,21.12,0,False
warm,refsim,x_sl_mediastore,short,,20.107026,829152,38.41,6.66,0,False
warm,refsim,x_ss_mediastore,long,,98.585785,777292,96.02,30.96,0,False
warm,refsim,x_ss_mediastore,short,,18.264552,869148,36.88,5.99,0,False
warm,refsim,x_ss_minimal,long,,36.901826,933928,40.66,14.91,0,False
warm,refsim,x_ss_minimal,short,,9.403136,750608,22.12,3.73,0,False
warm,simoxide,h13_passive_contention,long,,0.317696,14156,0.25,0.06,0,False
warm,simoxide,h13_passive_contention,short,,0.114128,4400,0.09,0.01,0,False
warm,simoxide,x_espresso,long,,0.122293,7272,0.10,0.01,0,False
warm,simoxide,x_espresso,short,,0.103609,4400,0.09,0.00,0,False
warm,simoxide,x_pem_fork,long,,0.076347,7052,0.07,0.00,0,False
warm,simoxide,x_pem_fork,short,,0.067698,4048,0.05,0.01,0,False
warm,simoxide,x_sl_mediastore,long,,0.111284,8576,0.09,0.01,0,False
warm,simoxide,x_sl_mediastore,short,,0.305747,5984,0.28,0.01,0,False
warm,simoxide,x_ss_mediastore,long,,0.186798,10196,0.16,0.01,0,False
warm,simoxide,x_ss_mediastore,short,,0.303353,5808,0.27,0.03,0,False
warm,simoxide,x_ss_minimal,long,,0.247740,13648,0.21,0.03,0,False
warm,simoxide,x_ss_minimal,short,,0.068907,4048,0.05,0.01,0,False
warm,simucom,h13_passive_contention,long,,97.370355,2094636,101.96,51.29,0,False
warm,simucom,h13_passive_contention,short,,14.988521,2148672,58.94,8.54,0,False
warm,simucom,x_espresso,long,,51.940199,1882280,75.42,24.58,0,False
warm,simucom,x_espresso,short,,18.188923,2007396,59.36,9.54,0,False
warm,simucom,x_pem_fork,long,,83.555995,1464560,78.62,48.76,0,False
warm,simucom,x_pem_fork,short,,14.463435,1804720,55.16,8.06,0,False
warm,simucom,x_sl_mediastore,long,,66.145041,2557096,114.26,25.87,0,False
warm,simucom,x_sl_mediastore,short,,30.582835,1718848,90.46,9.78,0,False
warm,simucom,x_ss_mediastore,long,,86.624045,1699720,138.15,34.42,0,False
warm,simucom,x_ss_mediastore,short,,27.958113,1848260,89.84,9.54,0,False
warm,simucom,x_ss_minimal,long,,35.746258,2059736,74.75,21.30,0,False
warm,simucom,x_ss_minimal,short,,13.472385,1557556,61.46,8.07,0,False
warm,simulizar-vt,h13_passive_contention,long,,42.195949,1456748,59.14,16.78,0,False
warm,simulizar-vt,h13_passive_contention,short,,10.999842,783064,24.79,4.34,0,False
warm,simulizar-vt,x_espresso,long,,21.969318,1252436,35.79,7.48,0,False
warm,simulizar-vt,x_espresso,short,,11.449620,892368,24.42,4.54,0,False
warm,simulizar-vt,x_pem_fork,long,,41.773730,785396,45.54,22.33,0,False
warm,simulizar-vt,x_pem_fork,short,,10.815733,636448,24.09,4.72,0,False
warm,simulizar-vt,x_sl_mediastore,long,,77.186085,1036820,84.72,27.97,0,False
warm,simulizar-vt,x_sl_mediastore,short,,22.481700,944348,41.27,8.37,0,False
warm,simulizar-vt,x_ss_mediastore,long,,112.872650,1207616,116.80,40.40,0,False
warm,simulizar-vt,x_ss_mediastore,short,,19.661866,845712,39.34,7.43,0,False
warm,simulizar-vt,x_ss_minimal,long,,41.934135,1441600,56.22,16.55,0,False
warm,simulizar-vt,x_ss_minimal,short,,10.165122,760196,24.30,4.29,0,False
warm,simulizar,h13_passive_contention,long,,127.353857,1259076,104.32,55.89,0,False
warm,simulizar,h13_passive_contention,short,,16.401695,688220,27.01,6.63,0,False
warm,simulizar,x_espresso,long,,66.289856,814860,60.33,21.72,0,False
warm,simulizar,x_espresso,short,,19.633930,703740,29.92,6.83,0,False
warm,simulizar,x_pem_fork,long,,94.684319,899388,56.74,46.89,0,False
warm,simulizar,x_pem_fork,short,,13.673644,649556,23.66,6.20,0,False
warm,simulizar,x_sl_mediastore,long,,74.207394,906272,80.41,27.09,0,False
warm,simulizar,x_sl_mediastore,short,,21.751755,953928,40.35,7.89,0,False
warm,simulizar,x_ss_mediastore,long,,115.980909,1213552,114.58,41.01,0,False
warm,simulizar,x_ss_mediastore,short,,19.525945,845224,37.91,7.09,0,False
warm,simulizar,x_ss_minimal,long,,42.394460,1355424,52.60,18.00,0,False
warm,simulizar,x_ss_minimal,short,,9.958312,778844,23.99,4.03,0,False
warm,slingshot,h13_passive_contention,long,,92.029836,1413352,119.74,15.58,0,False
warm,slingshot,h13_passive_contention,short,,10.825379,817632,21.00,3.59,0,False
warm,slingshot,x_espresso,long,,31.711602,1288556,46.32,2.70,0,False
warm,slingshot,x_espresso,short,,9.625336,891440,19.87,2.81,0,False
warm,slingshot,x_sl_mediastore,long,,57.105179,987196,73.84,8.18,0,False
warm,slingshot,x_sl_mediastore,short,,14.610227,848456,30.75,4.39,0,False
warm,slingshot,x_ss_mediastore,long,,99.238147,1268140,127.55,13.40,0,False
warm,slingshot,x_ss_mediastore,short,,13.157821,792216,28.08,4.50,0,False
warm,slingshot,x_ss_minimal,long,,72.309407,1397528,93.73,8.95,0,False
warm,slingshot,x_ss_minimal,short,,7.091678,735028,15.91,3.08,0,False
par,simoxide-batch-t22,x_espresso,short,,0.908409,2146144,7.69,2.00,0,False
par,simoxide-reload-t22,x_espresso,short,,0.839796,16808,13.70,2.82,0,False
par,simulizar-t22,x_espresso,short,,12.347629,6155540,99.64,20.59,0,False
par,simulizar-vt-t22,x_espresso,short,,11.456874,5935624,93.81,20.97,0,False
