sim,model,len,sim_time_s,cold_wall_s,cold_rss_mb,cold_reps,cold_errors,warm_runs,warm_wall_ms,warm_wall_min_ms,warm_wall_max_ms,warm_sim_ms,requests,mean_rt,events,requests_per_s,simsec_per_s,events_per_s,warm_rss_mb,warm_errors
simoxide,x_ss_minimal,short,1000.0,0.004877,4.125,3,0,200,0.2095,0.181,0.64,0.074,453.0,1.0,1812.0,2162291.169451074,4773269.689737471,8649164.677804297,3.953125,0
refsim,x_ss_minimal,short,1000.0,5.487048,496.24609375,3,0,20,75.5545,63.346,106.28,75.37700000000001,453.0,1.0,,5995.6719983588,13235.479025074614,,733.015625,0
simulizar,x_ss_minimal,short,1000.0,5.409766,511.3984375,3,0,20,82.721,73.057,105.67,81.78999999999999,453.0,1.0,,5476.23940716384,12088.82871338596,,760.58984375,0
simulizar-osgi,x_ss_minimal,short,1000.0,5.940389,441.12890625,3,0,,,,,,,,,,,,,
simulizar-vt,x_ss_minimal,short,1000.0,5.450088,512.140625,3,0,20,81.2085,67.496,133.26,80.1635,453.0,1.0,,5578.2338055745395,12313.981910760573,,742.37890625,0
slingshot,x_ss_minimal,short,1000.0,2.710732,364.09765625,3,0,20,82.489,71.287,129.6,61.584500000000006,453.0,1.0,17687.0,5491.641309750391,12122.828498345234,214416.46765023214,717.80078125,0
slingshot-osgi,x_ss_minimal,short,1000.0,3.866572,430.83203125,3,0,,,,,,,,,,,,,
simucom,x_ss_minimal,short,1000.0,7.875072,909.7265625,3,0,10,328.5,302.0,407.0,36.5,453.0,1.0,,1378.9954337899544,3044.1400304414,,1521.05078125,0
eventsim,x_ss_minimal,short,1000.0,3.815184,545.03515625,3,0,20,50.0,44.0,81.0,39.5,454.0,nan,,9080.0,20000.0,,729.08203125,0
simoxide,x_ss_minimal,long,100000.0,0.09014,8.078125,3,0,20,9.733,9.227,16.619,8.0915,45413.0,1.0,181654.0,4665878.968457824,10274324.463166546,18663721.360320557,13.328125,0
refsim,x_ss_minimal,long,100000.0,8.637071,853.546875,3,0,10,2553.4415,2493.06,2610.289,2552.41,45413.0,1.0,,17785.016809666482,39162.831809540185,,912.0390625,0
simulizar,x_ss_minimal,long,100000.0,9.159971,904.91796875,3,0,10,2974.1435,2910.244,3093.944,2971.4165000000003,45413.0,1.0,,15269.269959569872,33623.12544771293,,1323.65625,0
simulizar-vt,x_ss_minimal,long,100000.0,9.472806,889.4765625,3,0,10,2905.833,2866.321,2995.19,2900.804,45413.0,1.0,,15628.220892253616,34413.53993846171,,1407.8125,0
slingshot,x_ss_minimal,long,100000.0,9.240055,1132.94140625,3,0,10,5720.79,5628.771,5858.343,5672.54,45413.0,1.0,1771148.0,7938.2392991177785,17480.103272450135,309598.49950793514,1364.7734375,0
simucom,x_ss_minimal,long,100000.0,10.002661,1143.26953125,3,0,10,2302.0,2232.0,2344.0,1978.0,45413.0,1.0,,19727.628149435273,43440.48653344918,,2011.4609375,0
eventsim,x_ss_minimal,long,100000.0,4.902479,719.19921875,3,0,10,1356.5,1066.0,1688.0,1339.0,45476.5,nan,,33524.88020641356,73719.13011426466,,1541.3671875,0
simoxide,x_espresso,short,100.0,0.007622,4.125,3,0,200,0.38,0.321,0.874,0.199,990.0,3.0,3991.0,2605263.1578947366,263157.8947368421,10502631.578947369,4.296875,0
refsim,x_espresso,short,100.0,5.867406,522.67578125,3,0,20,310.769,296.504,350.935,310.2355,990.0,3.0,,3185.6459299350963,321.78241716516123,,705.765625,0
simulizar,x_espresso,short,100.0,5.771235,523.56640625,3,0,20,319.3195,302.251,356.369,316.4065,990.0,3.0,,3100.34307331685,313.1659670017021,,687.24609375,0
simulizar-osgi,x_espresso,short,100.0,6.356225,492.26171875,3,0,,,,,,,,,,,,,
simulizar-vt,x_espresso,short,100.0,5.716167,518.3359375,3,0,20,112.741,101.626,147.353,111.4805,990.0,3.0,,8781.188742338636,886.9887618523873,,871.453125,0
slingshot,x_espresso,short,100.0,2.866463,395.265625,3,0,20,151.3825,130.844,194.327,129.1895,990.0,3.0,45273.0,6539.725529701253,660.57833633346,299063.63020824734,870.546875,0
slingshot-osgi,x_espresso,short,100.0,3.843877,492.34765625,3,0,,,,,,,,,,,,,
simucom,x_espresso,short,100.0,8.004684,774.58984375,3,0,10,512.5,443.0,617.0,208.5,990.0,3.0,,1931.7073170731708,195.1219512195122,,1960.34765625,0
eventsim,x_espresso,short,100.0,3.793397,555.33984375,3,0,20,76.0,60.0,95.0,65.0,990.0,nan,,13026.315789473685,1315.7894736842106,,731.91015625,0
simoxide,x_espresso,long,2000.0,0.065224,6.015625,3,0,20,4.753,4.601,9.532,4.2255,19980.0,3.0,79951.0,4203660.845781612,420786.8714496108,16821165.579633914,7.1015625,0
refsim,x_espresso,long,2000.0,11.44968,543.53515625,3,0,10,4898.3225,4774.166,5171.686,4898.0125,19980.0,3.0,,4078.9474355761586,408.3030466042201,,675.03125,0
simulizar,x_espresso,long,2000.0,11.651754,630.0703125,3,0,10,5060.275,4930.477,5108.464,5057.654,19980.0,3.0,,3948.402013724551,395.2354368092644,,795.76171875,0
simulizar-vt,x_espresso,long,2000.0,7.709916,766.671875,3,0,10,1276.5410000000002,1255.579,1435.825,1274.6195,19980.0,3.0,,15651.671195833113,1566.7338534367482,,1223.08203125,0
slingshot,x_espresso,long,2000.0,5.674474,879.9453125,3,0,10,2366.9055,2294.503,2421.378,2330.0315,19980.0,3.0,899835.0,8441.401652917702,844.9851504422124,380173.60642408417,1258.35546875,0
simucom,x_espresso,long,2000.0,11.911489,939.58984375,3,0,10,3665.5,3626.0,3736.0,3400.0,19980.0,3.0,,5450.825262583549,545.6281544127677,,1838.1640625,0
eventsim,x_espresso,long,2000.0,4.257581,636.3125,3,0,10,520.0,383.0,593.0,503.5,19980.0,nan,,38423.07692307692,3846.153846153846,,1237.71875,0
simoxide,x_ss_mediastore,short,200000.0,0.005575,4.8125,3,0,200,1.16,1.054,2.433,0.128,18.0,20801.12451,1163.0,15517.241379310346,172413793.1034483,1002586.2068965518,5.671875,0
refsim,x_ss_mediastore,short,200000.0,6.601272,545.10546875,3,0,20,257.6915,237.931,283.1,257.3995,18.0,20801.12451,,69.8509652045178,776121.8356057532,,848.77734375,0
simulizar,x_ss_mediastore,short,200000.0,6.660826,544.2109375,3,0,20,296.8005,249.112,341.86,295.4075,18.0,20801.12451,,60.646798101755216,673853.3122417247,,825.4140625,0
simulizar-osgi,x_ss_mediastore,short,200000.0,7.429131,593.6171875,3,0,,,,,,,,,,,,,
simulizar-vt,x_ss_mediastore,short,200000.0,6.704044,546.890625,3,0,20,284.27750000000003,265.614,314.856,282.6155,18.0,20801.12451,,63.31841246669187,703537.9162965764,,825.890625,0
slingshot,x_ss_mediastore,short,200000.0,3.800249,452.7890625,3,0,20,211.13150000000002,201.093,229.652,168.986,18.0,20801.1245,23733.0,85.25492406391277,947276.9340434752,112408.61737826899,773.6484375,0
slingshot-osgi,x_ss_mediastore,short,200000.0,4.836992,565.11328125,3,0,,,,,,,,,,,,,
simucom,x_ss_mediastore,short,200000.0,10.070537,825.34375,3,0,10,1223.0,1159.0,1330.0,137.0,18.0,20801.124510356833,,14.717906786590351,163532.2976287817,,1804.94140625,0
eventsim,x_ss_mediastore,short,200000.0,4.460868,612.78515625,3,0,20,121.0,110.0,138.0,77.0,18.0,nan,,148.7603305785124,1652892.561983471,,846.49609375,0
simoxide,x_ss_mediastore,long,10000000.0,0.075965,7.5625,3,0,20,7.641500000000001,7.345,11.338,5.371,937.0,21302.964062,56303.0,122619.90446901786,1308643590.9180133,7368056.009945691,9.95703125,0
refsim,x_ss_mediastore,long,10000000.0,15.761058,657.53125,3,0,10,7559.2945,7365.163,8010.427,7558.8625,937.0,21302.964062,,123.95336628305724,1322874.7735651787,,759.07421875,0
simulizar,x_ss_mediastore,long,10000000.0,17.081478,771.0703125,3,0,10,9124.2085,8598.252,9259.798,9122.5545,937.0,21302.964062,,102.69383914232122,1095985.4764388604,,1185.109375,0
simulizar-vt,x_ss_mediastore,long,10000000.0,16.853793,762.171875,3,0,10,8721.033,8563.216,8862.767,8718.374,937.0,21302.964062,,107.44140057720227,1146653.154505894,,1179.3125,0
slingshot,x_ss_mediastore,long,10000000.0,12.574551,1004.62890625,3,0,10,7837.853999999999,7713.524,8048.595,7783.36,937.0,21302.9641,1153184.0,119.54802934578777,1275859.4380553656,147130.0690214439,1238.41796875,0
simucom,x_ss_mediastore,long,10000000.0,16.326983,1036.69140625,3,0,10,6500.0,6285.0,6538.0,5299.5,937.0,21302.96406201717,,144.15384615384616,1538461.5384615385,,1659.8828125,0
eventsim,x_ss_mediastore,long,10000000.0,7.520465,718.70703125,3,0,10,2589.0,2518.0,2669.0,2541.5,943.5,nan,,364.4264194669757,3862495.1718810354,,935.34375,0
simoxide,x_sl_mediastore,short,1000000.0,0.009507,4.984375,3,0,200,1.1795,1.061,3.25,0.14,33.0,23574.739802,1388.0,27977.956761339552,847816871.5557439,1176769.8177193727,5.84375,0
refsim,x_sl_mediastore,short,1000000.0,6.83924,549.0234375,3,0,20,298.2665,278.097,356.259,298.06899999999996,33.0,23574.739802,,110.6393108176748,3352706.3884143876,,809.71875,0
simulizar,x_sl_mediastore,short,1000000.0,6.957275,663.921875,3,0,20,330.2365,241.216,393.436,328.2765,33.0,23574.739802,,99.92838465766202,3028132.868414,,931.5703125,0
simulizar-vt,x_sl_mediastore,short,1000000.0,6.820465,566.23046875,3,0,20,365.812,329.058,417.493,364.45849999999996,33.0,23574.739802,,90.21027194296524,2733644.60433228,,922.21484375,0
slingshot,x_sl_mediastore,short,1000000.0,4.018162,479.5703125,3,0,20,241.40800000000002,227.55,269.999,195.649,33.0,23677.5435,22178.0,136.69803817603392,4142364.793213149,91869.36638388124,828.5703125,0
simucom,x_sl_mediastore,short,1000000.0,10.322092,861.7890625,3,0,10,1404.0,1340.0,1525.0,215.5,33.0,23574.739802229156,,23.504273504273502,712250.7122507122,,1678.5625,0
eventsim,x_sl_mediastore,short,1000000.0,4.420062,610.3515625,3,0,20,116.0,111.0,147.0,72.0,16.0,nan,,137.9310344827586,8620689.655172413,,865.51953125,0
simoxide,x_sl_mediastore,long,25000000.0,0.073962,6.1875,3,0,20,4.5445,4.375,5.658,2.8739999999999997,833.0,23550.51578,34188.0,183298.4926834635,5501155242.600945,7522939.817361645,8.375,0
refsim,x_sl_mediastore,long,25000000.0,12.602226,700.6171875,3,0,10,4790.397,4653.943,5183.307,4790.1505,833.0,23550.51578,,173.8895544565513,5218774.14335388,,749.99609375,0
simulizar,x_sl_mediastore,long,25000000.0,13.7018,726.62890625,3,0,10,5540.851000000001,5443.287,5694.164,5538.918,833.0,23550.51578,,150.33791740654996,4511942.299116147,,885.03125,0
simulizar-vt,x_sl_mediastore,long,25000000.0,14.102657,711.9765625,3,0,10,5760.219999999999,5501.915,6048.885,5758.831,833.0,23550.51578,,144.61253216023002,4340112.009610744,,1012.51953125,0
slingshot,x_sl_mediastore,long,25000000.0,9.326731,783.27734375,3,0,10,4364.364,4325.315,4456.259,4306.9285,833.0,23550.2138,542178.0,190.8640067602061,5728211.487401143,124228.40991264708,964.05859375,0
simucom,x_sl_mediastore,long,25000000.0,14.450842,1091.22265625,3,0,10,4686.5,4628.0,4971.0,3492.5,833.0,23550.515779885773,,177.7445855115758,5334471.35388883,,2497.1640625,0
eventsim,x_sl_mediastore,long,25000000.0,6.209085,729.7109375,3,0,10,1340.0,1304.0,1354.0,1289.0,527.0,nan,,393.2835820895522,18656716.41791045,,833.25390625,0
simoxide,h13_passive_contention,short,100.0,0.005306,4.125,3,0,200,0.417,0.352,0.684,0.188,468.0,0.320115,2947.0,1122302.1582733814,239808.15347721823,7067146.282973621,4.296875,0
refsim,h13_passive_contention,short,100.0,5.734163,512.546875,3,0,20,207.1975,196.851,220.865,206.91199999999998,468.0,0.320115,,2258.7145115167896,482.63130587965594,,725.3671875,0
simulizar,h13_passive_contention,short,100.0,5.755299,516.64453125,3,0,20,249.94,239.205,270.851,247.9475,468.0,0.320115,,1872.4493878530848,400.09602304553096,,672.08984375,0
simulizar-vt,h13_passive_contention,short,100.0,5.656697,512.7421875,3,0,20,108.143,95.703,129.122,106.8215,468.0,0.320115,,4327.603266045884,924.7015525739067,,764.7109375,0
slingshot,h13_passive_contention,short,100.0,3.040591,488.515625,3,0,20,171.2865,164.922,197.573,151.357,471.0,0.3244,45145.0,2749.7788792461756,583.8171718144746,263564.2622156446,798.46875,0
simucom,h13_passive_contention,short,100.0,8.173964,799.92578125,3,0,10,455.0,433.0,521.0,180.5,468.0,0.3201145964529914,,1028.5714285714284,219.78021978021977,,2098.3125,0
eventsim,h13_passive_contention,short,100.0,3.946449,549.44140625,3,0,20,54.5,51.0,77.0,44.0,445.5,nan,,8174.311926605505,1834.862385321101,,726.08203125,0
simoxide,h13_passive_contention,long,5000.0,0.227447,9.859375,3,0,20,12.9755,12.435,18.872,9.589500000000001,22749.0,0.31877,143160.0,1753227.235944665,385341.6053331278,11033100.843898116,13.82421875,0
refsim,h13_passive_contention,long,5000.0,14.44549,597.17578125,3,0,10,7754.378000000001,7633.36,7957.342,7754.064,22749.0,0.31877,,2933.6975834812283,644.7970423933422,,699.26171875,0
simulizar,h13_passive_contention,long,5000.0,16.538265,731.36328125,3,0,10,10085.7935,9923.095,10541.822,10081.4195,22749.0,0.31877,,2255.548856914431,495.74681456644936,,1229.56640625,0
simulizar-vt,h13_passive_contention,long,5000.0,10.046672,842.1171875,3,0,10,2874.1995,2785.864,3099.984,2871.9025,22749.0,0.31877,,7914.8994354776,1739.6148040523979,,1422.60546875,0
slingshot,h13_passive_contention,long,5000.0,11.595016,1093.28515625,3,0,10,7382.547500000001,7157.468,7568.886,7352.387000000001,22718.0,0.3168,2181316.0,3077.2575455830115,677.2729874071246,295469.2807597919,1380.2265625,0
simucom,h13_passive_contention,long,5000.0,16.20588,982.25390625,3,0,10,7321.5,7106.0,7732.0,7053.5,22749.0,0.318769720592333,,3107.1501741446427,682.9201666325206,,2045.54296875,0
eventsim,h13_passive_contention,long,5000.0,4.895643,713.20703125,3,0,10,985.0,805.0,1174.0,967.5,22795.0,nan,,23142.13197969543,5076.1421319796955,,1398.40234375,0
simoxide,x_pem_fork,short,100.0,0.004182,4.125,3,0,200,0.209,0.186,0.452,0.055,87.0,1.136782,1402.0,416267.9425837321,478468.89952153113,6708133.971291866,3.953125,0
refsim,x_pem_fork,short,100.0,5.558549,516.078125,3,0,20,186.65550000000002,178.406,208.303,186.52749999999997,87.0,1.136782,,466.0993112980865,535.7463348253868,,601.91796875,0
simulizar,x_pem_fork,short,100.0,5.561707,508.06640625,3,0,20,192.901,175.914,206.534,191.599,87.0,1.136782,,451.0085484263949,518.4006303751664,,634.33203125,0
simulizar-vt,x_pem_fork,short,100.0,5.558827,523.0,3,0,20,118.20949999999999,102.205,138.585,116.851,87.0,1.136782,,735.9814566511152,845.9556973001324,,621.53125,0
simucom,x_pem_fork,short,100.0,8.142139,898.5,3,0,10,438.0,400.0,501.0,142.5,87.0,1.1367816091954024,,198.63013698630135,228.31050228310502,,1762.421875,0
eventsim,x_pem_fork,short,100.0,3.874429,541.015625,3,0,20,34.5,32.0,45.0,23.0,87.0,nan,,2521.7391304347825,2898.550724637681,,704.6796875,0
simoxide,x_pem_fork,long,5000.0,0.026797,5.5,3,0,20,3.0605,2.948,4.033,2.544,4396.0,1.137216,70342.0,1436366.6067636006,1633719.9803953602,22983826.172194082,6.88671875,0
refsim,x_pem_fork,long,5000.0,13.502837,574.765625,3,0,10,6860.5225,6722.576,7042.7,6859.949500000001,4396.0,1.137216,,640.7675217157293,728.8074632799469,,879.375,0
simulizar,x_pem_fork,long,5000.0,13.845202,536.72265625,3,0,10,7416.57,7240.797,7588.694,7414.2355,4396.0,1.137216,,592.7268265518967,674.1660902546596,,878.30859375,0
simulizar-vt,x_pem_fork,long,5000.0,10.008792,608.34765625,3,0,10,2839.6275,2748.435,3098.674,2837.869,4396.0,1.137216,,1548.0903745297578,1760.7943295379412,,766.98828125,0
simucom,x_pem_fork,long,5000.0,14.178749,858.1796875,3,0,10,6311.0,6214.0,6406.0,5997.0,4396.0,1.1372156505914468,,696.5615591823799,792.2674694977025,,1430.234375,0
eventsim,x_pem_fork,long,5000.0,4.276384,600.453125,3,0,10,373.0,306.0,439.0,347.0,4391.5,nan,,11773.458445040214,13404.825737265415,,1240.34765625,0
