phase,config,model,window_start_s,runs_per_s,requests_per_s,failures
sus1,eventsim,x_espresso,0.0,4.9333,4884.0,0
sus1,eventsim,x_espresso,30.0,1.8,1782.0,0
sus1,eventsim,x_espresso,60.0,1.3,1287.0,0
sus1,eventsim,x_espresso,90.0,1.0,990.0,0
sus1,eventsim,x_ss_mediastore,0.0,1.3333,249.6,0
sus1,eventsim,x_ss_mediastore,30.0,1.2333,230.9,0
sus1,eventsim,x_ss_mediastore,60.0,1.0667,200.0,0
sus1,eventsim,x_ss_mediastore,90.0,0.9,167.9,0
sus1,eventsim,x_ss_mediastore,120.0,0.8333,156.8,0
sus1,eventsim,x_ss_mediastore,150.0,0.7667,143.8,0
sus1,eventsim,x_ss_mediastore,180.0,0.6667,125.2,0
sus1,eventsim,x_ss_mediastore,210.0,0.6667,124.3,0
sus1,eventsim,x_ss_mediastore,240.0,0.6,112.6,0
sus1,eventsim,x_ss_mediastore,270.0,0.6,112.9,0
sus1,refsim,x_espresso,0.0,2.7,2673.0,0
sus1,refsim,x_espresso,30.0,3.1667,3135.0,0
sus1,refsim,x_espresso,60.0,3.2667,3234.0,0
sus1,refsim,x_espresso,90.0,3.3,3267.0,0
sus1,refsim,x_ss_mediastore,0.0,0.4333,81.4,0
sus1,refsim,x_ss_mediastore,30.0,0.5667,106.0,0
sus1,refsim,x_ss_mediastore,60.0,0.6,112.7,0
sus1,refsim,x_ss_mediastore,90.0,0.5667,105.8,0
sus1,refsim,x_ss_mediastore,120.0,0.6,112.8,0
sus1,refsim,x_ss_mediastore,150.0,0.5667,106.1,0
sus1,refsim,x_ss_mediastore,180.0,0.6,112.3,0
sus1,refsim,x_ss_mediastore,210.0,0.5667,106.3,0
sus1,refsim,x_ss_mediastore,240.0,0.5667,106.2,0
sus1,refsim,x_ss_mediastore,270.0,0.5667,105.7,0
sus1,simoxide,x_espresso,0.0,2639.0333,2612643.0,0
sus1,simoxide,x_espresso,30.0,2605.7333,2579676.0,0
sus1,simoxide,x_ss_mediastore,0.0,426.5,80024.6,0
sus1,simoxide,x_ss_mediastore,30.0,425.9667,79918.4,0
sus1,simucom,x_espresso,0.0,1.7333,1716.0,0
sus1,simucom,x_espresso,30.0,2.2667,2244.0,0
sus1,simucom,x_espresso,60.0,2.3333,2310.0,0
sus1,simucom,x_espresso,90.0,2.4333,2409.0,0
sus1,simucom,x_ss_mediastore,0.0,0.3333,62.6,0
sus1,simucom,x_ss_mediastore,30.0,0.4333,81.5,0
sus1,simucom,x_ss_mediastore,60.0,0.5,93.3,0
sus1,simucom,x_ss_mediastore,90.0,0.4667,87.4,0
sus1,simucom,x_ss_mediastore,120.0,0.4667,87.2,0
sus1,simucom,x_ss_mediastore,150.0,0.4333,81.5,0
sus1,simucom,x_ss_mediastore,180.0,0.4667,87.2,0
sus1,simucom,x_ss_mediastore,210.0,0.4667,87.5,0
sus1,simucom,x_ss_mediastore,240.0,0.4667,87.8,0
sus1,simucom,x_ss_mediastore,270.0,0.4333,80.8,0
sus1,simulizar-vt,x_espresso,0.0,7.2,7128.0,0
sus1,simulizar-vt,x_espresso,30.0,9.2,9108.0,0
sus1,simulizar-vt,x_espresso,60.0,9.2333,9141.0,0
sus1,simulizar-vt,x_espresso,90.0,9.1333,9042.0,0
sus1,simulizar-vt,x_ss_mediastore,0.0,0.3,56.1,0
sus1,simulizar-vt,x_ss_mediastore,30.0,0.5,94.3,0
sus1,simulizar-vt,x_ss_mediastore,60.0,0.5333,99.8,0
sus1,simulizar-vt,x_ss_mediastore,90.0,0.5333,99.6,0
sus1,simulizar-vt,x_ss_mediastore,120.0,0.5333,100.0,0
sus1,simulizar-vt,x_ss_mediastore,150.0,0.5333,100.0,0
sus1,simulizar-vt,x_ss_mediastore,180.0,0.5,93.7,0
sus1,simulizar-vt,x_ss_mediastore,210.0,0.5333,100.1,0
sus1,simulizar-vt,x_ss_mediastore,240.0,0.5,93.5,0
sus1,simulizar-vt,x_ss_mediastore,270.0,0.5667,106.3,0
sus1,simulizar,x_espresso,0.0,2.6333,2607.0,0
sus1,simulizar,x_espresso,30.0,3.2,3168.0,0
sus1,simulizar,x_espresso,60.0,3.2333,3201.0,0
sus1,simulizar,x_espresso,90.0,3.2,3168.0,0
sus1,simulizar,x_ss_mediastore,0.0,0.3667,68.8,0
sus1,simulizar,x_ss_mediastore,30.0,0.5333,100.0,0
sus1,simulizar,x_ss_mediastore,60.0,0.5,93.9,0
sus1,simulizar,x_ss_mediastore,90.0,0.5,93.3,0
sus1,simulizar,x_ss_mediastore,120.0,0.5,93.8,0
sus1,simulizar,x_ss_mediastore,150.0,0.5,93.6,0
sus1,simulizar,x_ss_mediastore,180.0,0.5,93.8,0
sus1,simulizar,x_ss_mediastore,210.0,0.5333,99.9,0
sus1,simulizar,x_ss_mediastore,240.0,0.4667,87.4,0
sus1,simulizar,x_ss_mediastore,270.0,0.5,93.8,0
sus1,slingshot,x_espresso,0.0,6.3667,6303.0,0
sus1,slingshot,x_espresso,30.0,7.2,7128.0,0
sus1,slingshot,x_espresso,60.0,7.2667,7194.0,0
sus1,slingshot,x_espresso,90.0,7.3667,7293.0,0
sus1,slingshot,x_ss_mediastore,0.0,0.5,93.9,0
sus1,slingshot,x_ss_mediastore,30.0,0.6333,118.5,0
sus1,slingshot,x_ss_mediastore,60.0,0.6,112.4,0
sus1,slingshot,x_ss_mediastore,90.0,0.6,112.4,0
sus1,slingshot,x_ss_mediastore,120.0,0.6,112.5,0
sus1,slingshot,x_ss_mediastore,150.0,0.6333,118.6,0
sus1,slingshot,x_ss_mediastore,180.0,0.6,112.7,0
sus1,slingshot,x_ss_mediastore,210.0,0.6,112.3,0
sus1,slingshot,x_ss_mediastore,240.0,0.6,112.5,0
sus1,slingshot,x_ss_mediastore,270.0,0.6,111.6,0
susN,refsim-procs-22,x_ss_mediastore,0.0,0.5,93.0,0
susN,refsim-procs-22,x_ss_mediastore,30.0,9.8333,1846.9,0
susN,refsim-procs-22,x_ss_mediastore,60.0,14.3,2675.3,0
susN,refsim-procs-22,x_ss_mediastore,90.0,16.0,2997.4,0
susN,refsim-procs-22,x_ss_mediastore,120.0,16.7333,3139.4,0
susN,refsim-procs-22,x_ss_mediastore,150.0,17.2667,3234.4,0
susN,simoxide-batch-22,x_ss_mediastore,0.0,2804.2667,526172.9,0
susN,simoxide-batch-22,x_ss_mediastore,30.0,2804.2667,526178.2,0
susN,simoxide-threads-22,x_ss_mediastore,0.0,4930.5,925122.8,0
susN,simoxide-threads-22,x_ss_mediastore,30.0,5395.7667,1012486.3,0
susN,simulizar-procs-16,x_ss_mediastore,0.0,1.9333,361.3,0
susN,simulizar-procs-16,x_ss_mediastore,30.0,8.2667,1554.7,0
susN,simulizar-procs-16,x_ss_mediastore,60.0,8.0333,1501.9,0
susN,simulizar-procs-16,x_ss_mediastore,90.0,8.3,1556.0,0
susN,simulizar-procs-16,x_ss_mediastore,120.0,8.1667,1525.5,0
susN,simulizar-procs-16,x_ss_mediastore,150.0,8.3333,1567.3,0
susN,simulizar-procs-16,x_ss_mediastore,180.0,8.5333,1595.5,0
susN,simulizar-procs-16,x_ss_mediastore,210.0,7.9,1481.5,0
susN,simulizar-procs-16,x_ss_mediastore,240.0,4.0333,758.4,0
susN,simulizar-procs-16,x_ss_mediastore,270.0,2.2333,417.9,0
susN,simulizar-procs-22,x_ss_mediastore,0.0,0.3333,62.0,0
susN,simulizar-procs-22,x_ss_mediastore,30.0,8.3333,1564.1,0
susN,simulizar-procs-22,x_ss_mediastore,60.0,11.5667,2167.8,0
susN,simulizar-procs-22,x_ss_mediastore,90.0,11.6,2178.3,0
susN,simulizar-procs-22,x_ss_mediastore,120.0,11.0,2051.0,0
susN,simulizar-procs-22,x_ss_mediastore,150.0,11.5667,2171.7,0
susN,simulizar-threads-22,x_ss_mediastore,0.0,10.2333,1920.2,0
susN,simulizar-threads-22,x_ss_mediastore,30.0,10.3333,1937.1,1
susN,simulizar-threads-22,x_ss_mediastore,60.0,10.2,1910.9,0
susN,simulizar-threads-22,x_ss_mediastore,90.0,10.0333,1883.3,0
susN,simulizar-threads-22,x_ss_mediastore,120.0,9.6,1798.8,0
susN,simulizar-threads-22,x_ss_mediastore,150.0,9.3333,1753.8,0
susN,simulizar-threads-22,x_ss_mediastore,180.0,8.2667,1550.0,1
susN,simulizar-threads-22,x_ss_mediastore,210.0,2.1667,405.9,0
susN,simulizar-threads-22,x_ss_mediastore,240.0,0.5667,106.3,1
susN,simulizar-threads-22,x_ss_mediastore,270.0,0.2,37.5,0
susN,simulizar-vt-threads-22,x_ss_mediastore,0.0,10.2333,1917.9,4
susN,simulizar-vt-threads-22,x_ss_mediastore,30.0,10.7667,2021.2,0
susN,simulizar-vt-threads-22,x_ss_mediastore,60.0,10.0,1875.7,1
susN,simulizar-vt-threads-22,x_ss_mediastore,90.0,10.2,1911.5,1
susN,simulizar-vt-threads-22,x_ss_mediastore,120.0,9.6,1804.3,1
susN,simulizar-vt-threads-22,x_ss_mediastore,150.0,9.4333,1772.4,1
susN,slingshot-iso-22,x_ss_mediastore,0.0,0.7333,136.4,0
susN,slingshot-iso-22,x_ss_mediastore,30.0,2.1333,399.6,0
susN,slingshot-iso-22,x_ss_mediastore,60.0,2.3333,436.5,0
susN,slingshot-iso-22,x_ss_mediastore,90.0,2.3333,441.1,0
susN,slingshot-iso-22,x_ss_mediastore,120.0,2.6333,494.4,0
susN,slingshot-iso-22,x_ss_mediastore,150.0,2.5667,484.4,0
susN,slingshot-iso-22,x_ss_mediastore,180.0,2.5,469.5,0
susN,slingshot-iso-22,x_ss_mediastore,210.0,2.9333,551.6,0
susN,slingshot-iso-22,x_ss_mediastore,240.0,2.9333,541.5,0
susN,slingshot-iso-22,x_ss_mediastore,270.0,2.9,541.0,0
susN,slingshot-procs-22,x_ss_mediastore,0.0,1.4667,273.5,0
susN,slingshot-procs-22,x_ss_mediastore,30.0,8.1333,1528.9,0
susN,slingshot-procs-22,x_ss_mediastore,60.0,8.9333,1677.8,0
susN,slingshot-procs-22,x_ss_mediastore,90.0,9.1,1700.1,0
susN,slingshot-procs-22,x_ss_mediastore,120.0,9.0,1686.3,0
susN,slingshot-procs-22,x_ss_mediastore,150.0,9.4,1755.6,0
susN,slingshot-procs-22,x_ss_mediastore,180.0,9.3,1748.0,0
susN,slingshot-procs-22,x_ss_mediastore,210.0,9.5,1780.3,0
susN,slingshot-procs-22,x_ss_mediastore,240.0,9.2667,1736.0,0
susN,slingshot-procs-22,x_ss_mediastore,270.0,9.6333,1807.7,0
