phase,config,model,sim_time_s,duration_s,workers,runs,failures,steady_runs_per_s,steady_requests_per_s,first_window_runs_per_s,peak_window_runs_per_s,last_window_runs_per_s,warmup_s,degradation_last_vs_middle,first_run_ms,p50_ms,p99_ms,max_ms,steady_p50_ms,steady_p99_ms,gc_pause_share,gc_jvms,rss_mb_start,rss_mb_max,rss_mb_end,threads_start,threads_max,threads_end,min_mem_avail_gb,killed
sus1,eventsim,x_espresso,100.0,120.0,1,277,0,1.15,1138.5,4.933,4.933,1.0,0.0,0.556,1623.0,384.0,1138.0,1623.0,865.0,1158.0,0.0383,1,1252,2058,2058,184,343,343,30.2,False
sus1,eventsim,x_ss_mediastore,2000000.0,300.0,1,263,0,0.66,123.8,1.333,1.333,0.6,0.0,0.747,3061.0,1130.0,1880.0,3061.0,1533.0,1880.0,0.0308,1,1055,2403,15,92,331,2,29.9,False
sus1,refsim,x_espresso,100.0,120.0,1,374,0,3.283,3250.5,2.7,3.3,3.3,7.53401,1.042,4115.1,304.85,441.21,4115.1,301.92,345.48,0.0074,1,677,691,687,72,76,69,31.5,False
sus1,refsim,x_ss_mediastore,2000000.0,300.0,1,170,0,0.573,107.3,0.433,0.6,0.567,9.495316,0.981,7244.7,1736.62,2245.65,7244.7,1736.25,1851.44,0.0102,1,741,1322,1315,42,50,41,31.0,False
sus1,simoxide,x_espresso,100.0,60.0,1,157344,0,2605.733,2579676.0,2639.033,2639.033,2605.733,0.001985,1.0,1.3,0.37,0.57,16.6,0.37,0.59,,0,8,17,17,2,2,1,5.9,False
sus1,simoxide,x_ss_mediastore,2000000.0,60.0,1,25576,0,425.967,79918.4,426.5,426.5,425.967,0.0039959999999999996,1.0,3.8,2.31,3.06,6.9,2.31,3.07,,0,5,7,6,2,2,1,5.7,False
sus1,simucom,x_espresso,100.0,120.0,1,264,0,2.383,2359.5,1.733,2.433,2.433,15.4506,1.074,5046.0,428.0,755.0,5046.0,419.0,489.0,0.0074,1,1870,2017,2010,141,155,140,30.3,False
sus1,simucom,x_ss_mediastore,2000000.0,300.0,1,135,0,0.453,85.0,0.333,0.5,0.433,11.5531,1.0,8698.0,2170.0,2850.0,8698.0,2176.0,2355.0,0.0134,1,1525,2125,2125,107,111,99,30.3,False
sus1,simulizar-vt,x_espresso,100.0,120.0,1,1044,0,9.183,9091.5,7.2,9.233,9.133,10.819873,0.993,4336.6,104.84,166.91,4336.6,104.06,154.12,0.0223,1,957,1542,1542,46,54,49,30.7,False
sus1,simulizar-vt,x_ss_mediastore,2000000.0,300.0,1,152,0,0.527,98.7,0.3,0.567,0.567,10.358029,1.0,7979.6,1920.1,6794.47,7979.6,1900.95,2069.59,0.0129,1,806,2004,2004,46,52,46,30.3,False
sus1,simulizar,x_espresso,100.0,120.0,1,369,0,3.217,3184.5,2.633,3.233,3.2,7.651829999999999,1.0,4271.8,309.75,425.8,4271.8,306.73,360.86,0.01,1,752,1277,1277,115,433,433,30.9,False
sus1,simulizar,x_ss_mediastore,2000000.0,300.0,1,148,0,0.5,93.7,0.367,0.533,0.5,7.647781999999999,1.0,7643.2,1999.2,2444.72,7643.2,2008.72,2118.74,0.0119,1,809,2118,2118,50,189,189,30.1,False
sus1,slingshot,x_espresso,100.0,120.0,1,847,0,7.317,7243.5,6.367,7.367,7.367,7.726136,1.023,1893.4,130.89,203.89,1893.4,128.59,186.56,0.018,1,978,1186,1182,154,879,879,31.0,False
sus1,slingshot,x_ss_mediastore,2000000.0,300.0,1,180,0,0.607,113.5,0.5,0.633,0.6,4.949477,0.982,4947.4,1643.02,1881.62,4947.4,1643.09,1782.9,0.0166,1,858,1165,1165,51,218,218,31.2,False
susN,refsim-procs-22,x_ss_mediastore,2000000.0,nan,22,2261,0,17.0,3186.9,0.5,17.267,17.267,55.534611000000005,1.122,26256.8,1350.92,6532.99,32026.7,1284.02,1931.87,0.0519,22,12505,19160,19160,512,546,402,14.0,False
susN,simoxide-batch-22,x_ss_mediastore,2000000.0,60.0,1,168256,0,2804.267,526178.2,2804.267,2804.267,2804.267,nan,1.0,,nan,nan,,nan,nan,,0,71,79,26,1,23,1,6.7,False
susN,simoxide-threads-22,x_ss_mediastore,2000000.0,60.0,1,309810,0,5395.767,1012486.3,4930.5,5395.767,5395.767,0.028427999999999995,1.0,18.3,4.25,12.16,51.1,4.22,10.25,,0,44,64,35,23,23,1,7.2,False
susN,simulizar-procs-16,x_ss_mediastore,2000000.0,nan,16,1988,0,5.675,1063.3,1.933,8.533,2.233,25.536216,0.571,19825.1,1939.49,8619.11,22560.4,1928.66,8284.65,0.1659,16,9276,22323,5608,391,391,78,10.8,False
susN,simulizar-procs-22,x_ss_mediastore,2000000.0,nan,1,1806,0,11.283,2111.3,0.333,11.6,11.567,44.344124,0.974,27187.7,1945.0,28261.84,34042.4,1926.34,3588.06,0.0717,22,12100,25635,25635,510,537,415,7.7,True
susN,simulizar-threads-22,x_ss_mediastore,2000000.0,300.0,1,2153,3,4.107,770.7,10.233,10.333,0.2,0.003541999999999934,0.101,2760.4,2235.04,50805.94,59689.6,2453.53,57567.88,0.3726,1,7116,13385,13375,217,2262,2239,19.0,False
susN,simulizar-vt-threads-22,x_ss_mediastore,2000000.0,180.0,1,1837,8,9.744,1829.4,10.233,10.767,9.433,0.006697000000000397,0.942,3057.7,2174.37,3076.38,3198.3,2250.19,2509.78,0.0859,1,7033,13205,13205,198,1916,1916,19.2,False
susN,slingshot-iso-22,x_ss_mediastore,2000000.0,nan,22,742,0,2.817,525.9,0.733,2.933,2.9,39.514145,1.164,22626.0,8220.94,24238.82,26717.8,7632.56,10391.42,0.0421,1,3470,7836,7712,135,845,829,24.4,False
susN,slingshot-procs-22,x_ss_mediastore,2000000.0,nan,22,2534,0,9.425,1768.0,1.467,9.633,9.633,41.469168,1.033,21076.0,2378.45,6845.1,24522.6,2328.68,2764.58,0.04,22,10214,15121,9560,408,2854,1830,17.8,False
